method,sourceName,targetCohortDefinitionId,targetName,outcomeCohortDefinitionId,outcomeName,personsAtRisk,personDays,outcomes,incidenceProportionP100p,incidenceRateP100py,truePositives,trueNegatives,falsePositives,falseNegatives,estimatedPrevalence,sensitivity,specificity,ppv,npv,correctedOutcomes,correctedIp100p,absIpDiff,relIpDiff,eameIp,correctedPersonDays,correctedIr100py,absIrDiff,relIrDiff,eameIr
sensSpec,optum_ehr,12100,[IrCorrection] Persons observed on 1 Jan 2017-2019,12084,[IrCorrection] Anaphylaxis,47646367,38726676735,41866,0.07177672119261475,0.03948584745506953,5250,5712022,1146,2282,0.132,0.697026,0.999799,0.82082599999999994,0.999601,46337.43082265946,0.09725281010965528,0.025476088917040535,1.3549352560794017,0.30375367169887596,38728493910.86162,0.0436711076067105,0.004185260151640974,1.1059939300126034,0.10074441485054682
sensSpec,optum_ehr,12100,[IrCorrection] Persons observed on 1 Jan 2017-2019,12090,[IrCorrection] Immune thrombocytopenia,47640169,38709252722,34568,0.06712192813589725,0.0326174263571463,3047,5836202,1915,738,0.065,0.804968,0.999672,0.613865,0.999874,23540.992950885167,0.04941416759223748,-0.017707760543659766,0.7361851628009247,0.3062736120016145,38704772813.431335,0.02220000739570632,-0.010417418961439977,0.680617997037109,0.3847540743658661
sensSpec,optum_ehr,12100,[IrCorrection] Persons observed on 1 Jan 2017-2019,12087,[IrCorrection] Guillain Barre Syndrome,47646223,38726954751,3230,0.00659023906260103,0.00304634719560421,533,5762356,106,252,0.014,0.678981,0.999982,0.834116,0.999956,3494.10496006673,0.007333435349254715,7.43196286653685e-4,1.11277228027603,0.10685445142829729,38727062083.54594,0.0032931708263153193,2.468236307111094e-4,1.0810228167909648,0.07790764554899525
sensSpec,optum_ehr,12100,[IrCorrection] Persons observed on 1 Jan 2017-2019,12088,[IrCorrection] Acute myocardial infarction,47632238,38649455296,241305,0.4952402194496929,0.22804112134310375,46049,5685135,5521,28308,1.29,0.619296,0.99903,0.892959,0.995045,315532.1450820421,0.6624340117758946,0.16719379232620168,1.3376014018247269,0.29087801136264846,38679569760.97221,0.29775210444856454,0.06971098310546078,1.305694791776505,0.26673530658764777
sensSpec,optum_ehr,12100,[IrCorrection] Persons observed on 1 Jan 2017-2019,12095,[IrCorrection] Deep vein thrombosis,47606062,38584996074,300819,0.6033622356749441,0.2847587169356673,43877,5788064,8626,8576,0.897,0.836482,0.998512,0.835686,0.998521,275428.5416949079,0.5785577090894598,-0.024804526585484266,0.9588894943719224,0.041979440798752904,38574706515.35074,0.2606148608768678,-0.024143856058799484,0.9152129342391507,0.0885985257650894
sensSpec,optum_ehr,12100,[IrCorrection] Persons observed on 1 Jan 2017-2019,12093,[IrCorrection] Transverse myelitis,47645639,38725401232,4929,0.00963571923130257,0.00464893117366164,521,5244214,279,235,0.014,0.688742,0.999947,0.65,0.999955,3490.3724801781964,0.007325691403106581,-0.0023100278281959893,0.7602640993635805,0.2740894069030045,38724816588.482796,0.003289843742330182,-0.001359087431331458,0.7076559362652385,0.3457972691350951
sensSpec,optum_ehr,12100,[IrCorrection] Persons observed on 1 Jan 2017-2019,12083,[IrCorrection] Narcolepsy,47640547,38710788365,29482,0.05698087387619625,0.02781731128404519,2331,5419329,1054,1022,0.062,0.695107,0.999805,0.688331,0.999811,29057.050871193198,0.0609922696126751,0.004011395736478851,1.0703989858982246,0.06803146298687945,38710615716.73264,0.0273977134478932,-4.195978361519921e-4,0.9849159456186315,0.015198975848563433
sensSpec,optum_ehr,12100,[IrCorrection] Persons observed on 1 Jan 2017-2019,12096,[IrCorrection] Non-hemorrhagic stroke,47634279,38667953634,181728,0.3729730012287999,0.1716567487078931,33786,5778163,1439,25993,1.024,0.565174,0.999751,0.95912,0.995522,300689.5862795901,0.6312462214020077,0.2582732201732078,1.6924716248154659,0.5261899604143991,38716238201.322685,0.2834771767374364,0.11182042802954328,1.6514187695575384,0.5016347787822698
sensSpec,optum_ehr,12100,[IrCorrection] Persons observed on 1 Jan 2017-2019,12097,[IrCorrection] Pulmonary embolism,47619758,38640690615,177354,0.3554679971284188,0.1676433507501895,27404,5809836,5584,3978,0.537,0.873235,0.99904,0.830696,0.999316,150914.5995471633,0.3169159312971798,-0.03855206583123899,0.8915456070794711,0.11479868529875749,38629963589.74985,0.14259353029607993,-0.025049820454109556,0.850576713350015,0.161840673271406
sensSpec,optum_ehr,12100,[IrCorrection] Persons observed on 1 Jan 2017-2019,12089,[IrCorrection] Myocarditis Pericarditis,47644042,38714665422,33357,0.06782170160961574,0.03147035914477132,4626,5708723,1888,1436,0.106,0.763075,0.999669,0.710009,0.999749,23057.30638064858,0.04839494176553824,-0.019426759844077504,0.7135613029012651,0.33748692718383455,38710480751.93756,0.02174066729593766,-0.009729691848833662,0.6908299710189291,0.369861547693998
sensSpec,optum_ehr,12100,[IrCorrection] Persons observed on 1 Jan 2017-2019,12086,[IrCorrection] Encephalomyelitis,47646228,38727175012,4925,0.01005745932290799,0.00464494569883449,534,5838989,500,644,0.02,0.452846,0.999914,0.515474,0.99989,1827.5121300436138,0.003835586166534765,-0.006221873156373224,0.38136730593564583,0.9639923106866138,38725916182.49898,0.0017224690678005667,-0.0029224766310339237,0.37082652402863797,0.9920209159484032
sensSpec,optum_ehr,12100,[IrCorrection] Persons observed on 1 Jan 2017-2019,12092,[IrCorrection] Appendicitis,47642032,38694452190,101407,0.21164714384978373,0.09572149146376116,25371,5813199,1463,2863,0.483,0.898597,0.999749,0.94548,0.999508,99570.59971102442,0.20899738220868583,-0.0026497616410978975,0.9874802863251556,0.012598745621160042,38693706435.67131,0.09392553012450482,-0.001795961339256344,0.9812376373185089,0.018940608875959563
sensSpec,optum_ehr,12100,[IrCorrection] Persons observed on 1 Jan 2017-2019,12094,[IrCorrection] Hemorrhagic stroke,47641443,38709061565,62632,0.13047043936095723,0.05909814672615145,12921,5821743,1650,4876,0.305,0.726006,0.999716,0.886693,0.999163,67659.28301471133,0.14201770297912958,0.011547263618172349,1.0885048266467923,0.08480503590109263,38711103919.25574,0.06379471469447166,0.004696567968320214,1.0794706471944566,0.07647077949091088
sensSpec,optum_extended_dod,12100,[IrCorrection] Persons observed on 1 Jan 2017-2019,12092,[IrCorrection] Appendicitis,17212133,11845569342,45632,0.2646621426873706,0.14070313987276814,18129,4894598,1237,2081,0.411,0.897026,0.999747,0.936122,0.999575,46028.73899080469,0.26742030747034484,0.0027581647829742484,1.010421455652735,0.010367526639392473,11845705861.954449,0.14182767939226681,0.001124539519498674,1.0079922844686733,0.007960515322931485
sensSpec,optum_extended_dod,12100,[IrCorrection] Persons observed on 1 Jan 2017-2019,12093,[IrCorrection] Transverse myelitis,17214076,11861173241,2063,0.01119432724707384,0.00635275056429807,404,4715855,264,102,0.011,0.79802,0.999944,0.603293,0.999979,1377.2698317229188,0.008000835082422773,-0.0031934921646510663,0.7147222790466632,0.33586123265682977,11860936993.51502,0.004238311769582108,-0.002114438794715962,0.6671616847985608,0.4047228564472557
sensSpec,optum_extended_dod,12100,[IrCorrection] Persons observed on 1 Jan 2017-2019,12097,[IrCorrection] Pulmonary embolism,17191179,11806951061,105707,0.5923851994095344,0.3270063672706537,33796,4871857,4692,8783,0.866,0.793725,0.999038,0.878092,0.9982,112478.86922321007,0.6542824620883191,0.061897262678784704,1.1044881991320536,0.09938205946790434,11809276530.605951,0.3476486231825507,0.020642255911897,1.0631249357135972,0.06121262369870783
sensSpec,optum_extended_dod,12100,[IrCorrection] Persons observed on 1 Jan 2017-2019,12087,[IrCorrection] Guillain Barre Syndrome,17214551,11861666000,2266,0.01286121258695623,0.00697757380792883,420,4745142,158,384,0.017,0.521793,0.999967,0.724913,0.999919,3254.2161472724342,0.018903868868101376,0.006042656281145146,1.469835658207965,0.3851505974034404,11862006464.583559,0.010013389364614027,0.003035815556685198,1.4350818264703282,0.36122186951643825
sensSpec,optum_extended_dod,12100,[IrCorrection] Persons observed on 1 Jan 2017-2019,12084,[IrCorrection] Anaphylaxis,17214744,11861741601,22576,0.1032428945792049,0.0695166382591308,5483,4907389,1657,4943,0.212,0.525897,0.999663,0.767927,0.998994,31917.63313798511,0.1854087004604025,0.08216580588119761,1.7958494985644018,0.5854781682420236,11864960006.06063,0.09818774011386273,0.02867110185473193,1.4124351029153235,0.34531523814425347
sensSpec,optum_extended_dod,12100,[IrCorrection] Persons observed on 1 Jan 2017-2019,12089,[IrCorrection] Myocarditis Pericarditis,17212916,11854134164,20961,0.11922442426373311,0.06458510713714241,3997,4912302,2617,3257,0.147,0.550944,0.999468,0.604173,0.999338,21445.26043763653,0.1245881896921854,0.00536376542845228,1.0449888138405872,0.04400618090071294,11854300913.439724,0.06603105587494361,0.0014459487378011976,1.0223882687804606,0.022141330377789165
sensSpec,optum_extended_dod,12100,[IrCorrection] Persons observed on 1 Jan 2017-2019,12088,[IrCorrection] Acute myocardial infarction,17204080,11801437681,198302,1.125546963278478,0.6137371348967936,57040,4809924,5869,38083,1.937,0.599645,0.998781,0.906721,0.992144,296327.74391487084,1.722427144693996,0.596880181415518,1.5303023337888395,0.42546531966684326,11835058912.357475,0.9138917459548419,0.3001546110580483,1.4890605342114789,0.39814540714782565
sensSpec,optum_extended_dod,12100,[IrCorrection] Persons observed on 1 Jan 2017-2019,12094,[IrCorrection] Hemorrhagic stroke,17211507,11845199989,62951,0.36204848302940584,0.19411114013568556,15789,4887025,1687,15173,0.629,0.509948,0.999655,0.903468,0.996905,111877.34390299767,0.6500148063908504,0.28796632336144456,1.7953805549795818,0.5852170078148198,11862035886.294224,0.34425144988624157,0.150140309750556,1.7734760078458478,0.5729414670012388
sensSpec,optum_extended_dod,12100,[IrCorrection] Persons observed on 1 Jan 2017-2019,12095,[IrCorrection] Deep vein thrombosis,17177308,11761157978,204519,1.1454530593501613,0.6351463426452753,66009,4821227,7667,15711,1.664,0.807756,0.998412,0.895936,0.996752,219856.69847475886,1.279925227368333,0.13447216801817174,1.1173964894680717,0.11100141634124423,11766408774.42225,0.6820066893964193,0.04686034675114403,1.0737788185254735,0.071184033095139
sensSpec,optum_extended_dod,12100,[IrCorrection] Persons observed on 1 Jan 2017-2019,12090,[IrCorrection] Immune thrombocytopenia,17208767,11850861575,19082,0.10423175582538832,0.05881176196254743,4090,4778265,2114,902,0.104,0.819111,0.999558,0.659091,0.999811,14017.53942802168,0.08145580347518029,-0.02277595235020803,0.7814873963328135,0.2465562567838439,11849117748.112503,0.04317960205976456,-0.01563215990278287,0.7342001092785189,0.30897365907915425
sensSpec,optum_extended_dod,12100,[IrCorrection] Persons observed on 1 Jan 2017-2019,12083,[IrCorrection] Narcolepsy,17209905,11854670229,11330,0.06161568004006994,0.03490845734263065,2200,4881674,1576,820,0.062,0.728477,0.999677,0.582627,0.999832,7925.796857533776,0.04605369325126302,-0.015561986788806922,0.7474346338677648,0.29110842387169833,11853497773.206476,0.02440558819303907,-0.01050286914959158,0.6991311003375292,0.35791700020346084
sensSpec,optum_extended_dod,12100,[IrCorrection] Persons observed on 1 Jan 2017-2019,12096,[IrCorrection] Non-hemorrhagic stroke,17202474,11795615415,207942,1.1732731001366432,0.6438902323266361,51377,4776123,1483,58816,2.254,0.46625,0.99969,0.971945,0.987835,434839.7498819579,2.527774492680285,1.3545013925436418,2.154463860448085,0.7675419039474988,11873406510.51732,1.3367394485005246,0.6928492161738885,2.076036226967357,0.7304604155210188
sensSpec,truven_ccae,12100,[IrCorrection] Persons observed on 1 Jan 2017-2019,12083,[IrCorrection] Narcolepsy,23476163,15653681143,16153,0.06445261093135195,0.03769006916713839,2878,5434607,1589,846,0.068,0.772825,0.999708,0.64428,0.999844,12035.680552158889,0.05126766478899848,-0.013184946142353465,0.7954319312774363,0.22887000208418928,15652308448.369272,0.02806629716012068,-0.009623772007017712,0.7446602720642236,0.2948271752591031
sensSpec,truven_ccae,12100,[IrCorrection] Persons observed on 1 Jan 2017-2019,12095,[IrCorrection] Deep vein thrombosis,23463515,15615756810,98985,0.4074751800827796,0.2315242974765563,24826,5435017,4382,3203,0.513,0.88569,0.999194,0.849938,0.999411,90490.28676075127,0.38566381363044405,-0.021811366452335557,0.9464719140736265,0.05501398222930994,15612930051.60266,0.2115487263345794,-0.0199755711419769,0.9137214911795615,0.09022946820836228
sensSpec,truven_ccae,12100,[IrCorrection] Persons observed on 1 Jan 2017-2019,12089,[IrCorrection] Myocarditis Pericarditis,23481345,15658056045,15840,0.06591615599532309,0.03694941430387503,3195,5493488,1690,1454,0.085,0.687245,0.999693,0.654043,0.999736,12564.78326282905,0.05350964036697664,-0.012406515628346451,0.8117833869252521,0.20852173927891557,15656964039.256075,0.029291412303393844,-0.007658002000481185,0.792743615974501,0.23225541860840365
sensSpec,truven_ccae,12100,[IrCorrection] Persons observed on 1 Jan 2017-2019,12084,[IrCorrection] Anaphylaxis,23483188,15663576907,36812,0.1224067192239827,0.08583979942659976,6740,5477802,2282,5660,0.226,0.543468,0.999584,0.746952,0.998968,49798.16627505406,0.2120587982988258,0.08965207907484309,1.7324114202488803,0.5495143224913515,15667907873.778795,0.11600994106439659,0.030170141637796827,1.3514703184225731,0.3011931245417169
sensSpec,truven_ccae,12100,[IrCorrection] Persons observed on 1 Jan 2017-2019,12090,[IrCorrection] Immune thrombocytopenia,23478604,15656702508,12683,0.05065037086532061,0.02958774842680302,1998,5497015,1516,401,0.044,0.832777,0.999724,0.568298,0.999927,7450.928342426896,0.03173497173182399,-0.018915399133496616,0.626549641980062,0.46752727078579837,15654958005.016706,0.01737206094142387,-0.01221568748537915,0.587136969357453,0.532497148455802
sensSpec,truven_ccae,12100,[IrCorrection] Persons observed on 1 Jan 2017-2019,12097,[IrCorrection] Pulmonary embolism,23470577,15638723629,49049,0.20155874310205496,0.1145563261747184,12421,5472315,2453,1287,0.25,0.906113,0.999552,0.835081,0.999765,42547.94157221479,0.18128204335246975,-0.02027669974958521,0.8994005447864967,0.10602679892356909,15636557762.859425,0.09931852591460935,-0.015237800260109055,0.8669842096990021,0.14273451494068473
sensSpec,truven_ccae,12100,[IrCorrection] Persons observed on 1 Jan 2017-2019,12093,[IrCorrection] Transverse myelitis,23482528,15663372949,2519,0.01022462317515388,0.00587398865490679,497,5408256,285,98,0.011,0.835017,0.999947,0.634271,0.999982,1526.3245074047632,0.0064998304586489294,-0.00372479271650495,0.6357036682235585,0.45302275468744574,15663041880.589098,0.003556834294704607,-0.0023171543602021833,0.60552284038435,0.5016629951738394
sensSpec,truven_ccae,12100,[IrCorrection] Persons observed on 1 Jan 2017-2019,12096,[IrCorrection] Non-hemorrhagic stroke,23479140,15648432942,47000,0.19686411001425097,0.1097026779846107,10731,5451800,1319,10719,0.392,0.500256,0.999758,0.890456,0.998038,82633.78249409182,0.351945524810925,0.15508141479667403,1.7877586970293757,0.5809627107251244,15660307585.956903,0.1925973065649754,0.0828946285803647,1.7556299454421096,0.5628277357849616
sensSpec,truven_ccae,12100,[IrCorrection] Persons observed on 1 Jan 2017-2019,12088,[IrCorrection] Acute myocardial infarction,23479482,15645523420,55257,0.23248809322113664,0.12899932273406806,13998,5454870,1593,7723,0.396,0.644429,0.999708,0.897762,0.998586,75140.83379157067,0.3200276470816974,0.08753955386056075,1.3765334931681659,0.31956837742812577,15652148203.870134,0.1752245377228275,0.04622521498875945,1.3583368812257461,0.3062610699666398
sensSpec,truven_ccae,12100,[IrCorrection] Persons observed on 1 Jan 2017-2019,12092,[IrCorrection] Appendicitis,23479764,15638682214,70106,0.2981077663301897,0.1637364078993619,23176,5441946,1509,3039,0.479,0.88407,0.999723,0.938829,0.999442,71964.93451747259,0.30649769102224617,0.00838992469205646,1.028143931959034,0.027755168865560967,15639301285.089798,0.16795635955885144,0.004219951659489546,1.0257728364364953,0.025446315252460102
sensSpec,truven_ccae,12100,[IrCorrection] Persons observed on 1 Jan 2017-2019,12087,[IrCorrection] Guillain Barre Syndrome,23483025,15664242136,1494,0.00624706569958512,0.00348362528657479,331,5272111,79,189,0.01,0.636538,0.999985,0.807317,0.999964,1793.7366363828162,0.007638439410522351,0.0013913737109372305,1.2227243601791533,0.2010814512370262,15664342104.961609,0.004179644876833673,6.96019590258883e-4,1.1997974905456124,0.18215278467408522
sensSpec,truven_mdcd,12100,[IrCorrection] Persons observed on 1 Jan 2017-2019,12090,[IrCorrection] Immune thrombocytopenia,11806655,8508691084,7116,0.05682388449565097,0.03054663724820686,2175,4625231,1872,1094,0.071,0.665341,0.999595,0.537435,0.999764,3510.5705285924264,0.029733828324723866,-0.027090056170927104,0.5232628601270571,0.6476713405532559,8507391923.247129,0.015061704626947087,-0.015484932621259773,0.49307242903901755,0.7070992008439366
sensSpec,truven_mdcd,12100,[IrCorrection] Persons observed on 1 Jan 2017-2019,12084,[IrCorrection] Anaphylaxis,11808408,8512492895,15136,0.10638182556022792,0.06494482953691792,6678,5592731,2210,4895,0.206,0.576996,0.999605,0.751238,0.999126,18161.048697452134,0.15379760504085,0.047415779480622075,1.4457131585298628,0.3686027351306824,8513583249.666949,0.07786125512814297,0.01291642559122505,1.1988830470928051,0.18139032924681303
sensSpec,truven_mdcd,12100,[IrCorrection] Persons observed on 1 Jan 2017-2019,12083,[IrCorrection] Narcolepsy,11806046,8507682178,7728,0.06146003496852376,0.03317768507266398,2044,5602493,1917,752,0.05,0.731306,0.999658,0.516031,0.999866,5048.582786567532,0.042762689443760694,-0.018697345524763063,0.6957804281377524,0.36272114523456994,8506716756.127421,0.021662090909160946,-0.011515594163503031,0.6529114632837645,0.426313743455911
sensSpec,truven_mdcd,12100,[IrCorrection] Persons observed on 1 Jan 2017-2019,12095,[IrCorrection] Deep vein thrombosis,11796880,8475651967,73896,0.5976495480160856,0.31844764396990016,35743,5553096,4643,13456,0.877,0.726478,0.999165,0.88501,0.997583,88260.4878707569,0.7481680568994251,0.1505185088833395,1.2518507867746071,0.22462308568293277,8480812161.893765,0.3798584081083178,0.06141076413841762,1.1928441466008215,0.17634049468291957
sensSpec,truven_mdcd,12100,[IrCorrection] Persons observed on 1 Jan 2017-2019,12096,[IrCorrection] Non-hemorrhagic stroke,11802359,8483444836,80067,0.6494549098192997,0.3447240161909152,33381,5529316,3149,31854,1.165,0.511696,0.999431,0.91377,0.994272,143509.26037755687,1.2159370883190121,0.5664821784997125,1.8722425066542756,0.6271369138182061,8506245740.301596,0.6157931670094338,0.27106915081851857,1.7863367160018087,0.5801669954806956
sensSpec,truven_mdcd,12100,[IrCorrection] Persons observed on 1 Jan 2017-2019,12088,[IrCorrection] Acute myocardial infarction,11803596,8488785959,72277,0.590938558046209,0.3109888077930744,36115,5539359,5055,24867,1.088,0.592217,0.999088,0.877192,0.995531,104027.73602117304,0.8813224039620895,0.2903838459158805,1.4913943115777761,0.39971146197101176,8500203039.1052685,0.4466966668095601,0.1357078590164857,1.4363753794856273,0.36212284279239015
sensSpec,truven_mdcd,12100,[IrCorrection] Persons observed on 1 Jan 2017-2019,12092,[IrCorrection] Appendicitis,11807112,8500888359,32576,0.27524088871182045,0.139966359955816,21606,5572955,1031,8436,0.536,0.719193,0.999815,0.954455,0.998489,42268.90977569111,0.35799533176013837,0.08275444304831792,1.30066187998311,0.2628732733490338,8504377711.175071,0.18141423854980104,0.04144787859398505,1.2961274309560464,0.25938091945133784
sensSpec,truven_mdcd,12100,[IrCorrection] Persons observed on 1 Jan 2017-2019,12097,[IrCorrection] Pulmonary embolism,11801314,8490459317,45630,0.3707553243647275,0.1962951222983877,24291,5575261,3476,4891,0.52,0.832391,0.999377,0.874779,0.999124,46019.78121062547,0.3899547220811638,0.01919939771643625,1.0517845502268472,0.05048829317650678,8490599531.111384,0.19783314570814073,0.0015380234097530365,1.0078352604575425,0.0078047242069269026
sensSpec,truven_mdcr,12100,[IrCorrection] Persons observed on 1 Jan 2017-2019,12095,[IrCorrection] Deep vein thrombosis,1459605,902115153,37179,2.4614193566067533,1.5053100155607295,15410,648135,3014,3200,2.779,0.82804,0.99537,0.836355,0.995085,36945.17779720913,2.5311764345291454,0.06975707792239216,1.0283401841848507,0.02794603075928715,902042895.5905483,1.4949388728518278,-0.010371142708901715,0.9931102944897112,0.006913549111334733
sensSpec,truven_mdcr,12100,[IrCorrection] Persons observed on 1 Jan 2017-2019,12088,[IrCorrection] Acute myocardial infarction,1464917,907935033,37794,2.532225375226037,1.5204015704061944,17539,639426,1797,8608,3.918,0.670784,0.997198,0.907065,0.986715,50434.446685689196,3.442819401077958,0.9105940258519212,1.3596022829408057,0.30719221796522034,911852218.8810792,2.018811015546516,0.4984094451403216,1.3278143451319675,0.2835342409288279
sensSpec,truven_mdcr,12100,[IrCorrection] Persons observed on 1 Jan 2017-2019,12097,[IrCorrection] Pulmonary embolism,1462484,910068500,18165,1.2032952155374008,0.7290403139983419,9116,504246,666,1609,2.08,0.849977,0.998683,0.931916,0.996819,19134.763712205102,1.3083742257833317,0.10507901024593091,1.087326043425679,0.08372151111738481,910370230.2777059,0.7671811448430551,0.0381408308447132,1.052316490751429,0.05099391579210821
sensSpec,truven_mdcr,12100,[IrCorrection] Persons observed on 1 Jan 2017-2019,12092,[IrCorrection] Appendicitis,1467858,918202843,2625,0.17828700051367366,0.10441932927014472,1892,691460,169,415,0.332,0.820468,0.999756,0.918001,0.9994,2763.6872951778637,0.1882802897267899,0.009993289213116235,1.0560516985777086,0.0545371410721821,918246220.1756942,0.10985570542799622,0.005436376157851502,1.052062929304851,0.05075293125729605
sensSpec,truven_mdcr,12100,[IrCorrection] Persons observed on 1 Jan 2017-2019,12096,[IrCorrection] Non-hemorrhagic stroke,1464450,906276400,40240,2.681074806241251,1.621763514971812,16291,623992,775,12776,4.446,0.560483,0.99876,0.954588,0.979936,68707.30970258005,4.691680132649121,2.01060532640787,1.7499251127672377,0.5595729943153532,915084912.0539927,2.740529071247766,1.118765556275954,1.6898450643066782,0.5246368468072619
sensSpec,cprd,12100,[IrCorrection] Persons observed on 1 Jan 2017-2019,12095,[IrCorrection] Deep vein thrombosis,4458631,3883375458,9969,0.2196189817008853,0.09376320392865808,4964,3926419,3638,5119,0.256,0.492215,0.999074,0.576959,0.998698,11887.72330339185,0.2666227212656048,0.04700373956471951,1.2140240301666512,0.193940486647871,3884211042.172259,0.11170914655840669,0.017945942629748607,1.19139643141251,0.17512609091881695
sensSpec,ims_germany,12100,[IrCorrection] Persons observed on 1 Jan 2017-2019,12095,[IrCorrection] Deep vein thrombosis,9295910,7684226739,17673,0.18358611475369271,0.0840040705363158,13965,1647431,698,33,0.842,0.997643,0.999576,0.952462,0.999979,13769.828051812277,0.14812781160545097,-0.03545830314824175,0.8068573802772928,0.21460835461139693,7682613510.265471,0.06542027959880815,-0.018583790937507644,0.7787751138860147,0.2500329604296556
ppvNpv,optum_ehr,12100,[IrCorrection] Persons observed on 1 Jan 2017-2019,12084,[IrCorrection] Anaphylaxis,47646367,38726676735,41866,0.07177672119261475,0.03948584745506953,5250,5712022,1146,2282,0.132,0.697026,0.999799,0.82082599999999994,0.999601,53358.897215001816,0.11198943502870182,0.04021271383608707,1.5602472942191825,0.4448443306335448,38731347413.40864,0.05028484363219739,0.01079899617712786,1.2734902977431575,0.24176139683211245
ppvNpv,optum_ehr,12100,[IrCorrection] Persons observed on 1 Jan 2017-2019,12090,[IrCorrection] Immune thrombocytopenia,47640169,38709252722,34568,0.06712192813589725,0.0326174263571463,3047,5836202,1915,738,0.065,0.804968,0.999672,0.613865,0.999874,27218.39104599807,0.05713327978747949,-0.009988648348417756,0.8511865104918558,0.16112400815677985,38706266818.75511,0.025666935998527846,-0.006950490358618451,0.7869086824167647,0.23964306980431352
ppvNpv,optum_ehr,12100,[IrCorrection] Persons observed on 1 Jan 2017-2019,12087,[IrCorrection] Guillain Barre Syndrome,47646223,38726954751,3230,0.00659023906260103,0.00304634719560421,533,5762356,106,252,0.014,0.678981,0.999982,0.834116,0.999956,4790.486372002097,0.010054283572492403,0.0034640445098913734,1.5256326025484404,0.42240914538802743,38727588934.37607,0.004514940314884169,0.0014685931192799594,1.482083303373659,0.3934487353978499
ppvNpv,optum_ehr,12100,[IrCorrection] Persons observed on 1 Jan 2017-2019,12088,[IrCorrection] Acute myocardial infarction,47632238,38649455296,241305,0.4952402194496929,0.22804112134310375,46049,5685135,5521,28308,1.29,0.619296,0.99903,0.892959,0.995045,450297.544510002,0.9453629798163211,0.45012276036662824,1.9088978291520855,0.6465260226995376,38734245013.48332,0.42432375715323173,0.19628263581012798,1.8607335144384205,0.6209707725859185
ppvNpv,optum_ehr,12100,[IrCorrection] Persons observed on 1 Jan 2017-2019,12095,[IrCorrection] Deep vein thrombosis,47606062,38584996074,300819,0.6033622356749441,0.2847587169356673,43877,5788064,8626,8576,0.897,0.836482,0.998512,0.835686,0.998521,321354.6812310004,0.6750289096186961,0.07166667394375204,1.118778852414558,0.11223778014213659,38593318219.81911,0.30392426476840245,0.019165547832735164,1.0673045167465938,0.06513632686604653
ppvNpv,optum_ehr,12100,[IrCorrection] Persons observed on 1 Jan 2017-2019,12093,[IrCorrection] Transverse myelitis,47645639,38725401232,4929,0.00963571923130257,0.00464893117366164,521,5244214,279,235,0.014,0.688742,0.999947,0.65,0.999955,5347.6819499981775,0.01122386447581945,0.0015881452445168798,1.1648185471570858,0.15256532137359471,38725571380.06436,0.005040348901744443,3.9141772808280306e-4,1.0841952082019124,0.08083796817182931
ppvNpv,optum_ehr,12100,[IrCorrection] Persons observed on 1 Jan 2017-2019,12083,[IrCorrection] Narcolepsy,47640547,38710788365,29482,0.05698087387619625,0.02781731128404519,2331,5419329,1054,1022,0.062,0.695107,0.999805,0.688331,0.999811,29291.86582699975,0.06148515848694968,0.004504284610753431,1.079049061629697,0.07608015477861678,38710711117.31714,0.027619050950660733,-1.9826033338445764e-4,0.9928727715141121,0.007152748509151905
ppvNpv,optum_ehr,12100,[IrCorrection] Persons observed on 1 Jan 2017-2019,12096,[IrCorrection] Non-hemorrhagic stroke,47634279,38667953634,181728,0.3729730012287999,0.1716567487078931,33786,5778163,1439,25993,1.024,0.565174,0.999751,0.95912,0.995522,386791.4827379992,0.812002387478142,0.4390293862493421,2.17710768555073,0.7779972461419274,38751185556.56715,0.36432147603144543,0.19266472732355233,2.1223836451161517,0.752539817967447
ppvNpv,optum_ehr,12100,[IrCorrection] Persons observed on 1 Jan 2017-2019,12097,[IrCorrection] Pulmonary embolism,47619758,38640690615,177354,0.3554679971284188,0.1676433507501895,27404,5809836,5584,3978,0.537,0.873235,0.99904,0.830696,0.999316,179777.86272000085,0.37752787975109164,0.022059882622672833,1.0620587023329229,0.06020919655853157,38641674027.48875,0.16981386429097406,0.002170513540784569,1.0129472092455305,0.012864110626796058
ppvNpv,optum_ehr,12100,[IrCorrection] Persons observed on 1 Jan 2017-2019,12089,[IrCorrection] Myocarditis Pericarditis,47644042,38714665422,33357,0.06782170160961574,0.03147035914477132,4626,5708723,1888,1436,0.106,0.763075,0.999669,0.710009,0.999749,35634.05214800006,0.07479225240377393,0.0069705507941581896,1.1027775863584335,0.09783207565776539,38715590567.184555,0.03359480985173014,0.002124450706958818,1.0675064017282365,0.0653254630377772
ppvNpv,optum_ehr,12100,[IrCorrection] Persons observed on 1 Jan 2017-2019,12086,[IrCorrection] Encephalomyelitis,47646228,38727175012,4925,0.01005745932290799,0.00464494569883449,534,5838989,500,644,0.02,0.452846,0.999914,0.515474,0.99989,7779.252780002596,0.01632711151867593,0.006269652195767941,1.623383301336102,0.48451242906319525,38728334989.941376,0.007331653337119737,0.0026867076382852467,1.578415295351977,0.45642136609491296
ppvNpv,optum_ehr,12100,[IrCorrection] Persons observed on 1 Jan 2017-2019,12092,[IrCorrection] Appendicitis,47642032,38694452190,101407,0.21164714384978373,0.09572149146376116,25371,5813199,1463,2863,0.483,0.898597,0.999749,0.94548,0.999508,119268.27786000227,0.25034255016663076,0.038695406316847036,1.182829806313432,0.16790970847021436,38701705578.79549,0.11248321170308408,0.016761720239322916,1.1751092673443004,0.16136113675700725
ppvNpv,optum_ehr,12100,[IrCorrection] Persons observed on 1 Jan 2017-2019,12094,[IrCorrection] Hemorrhagic stroke,47641443,38709061565,62632,0.13047043936095723,0.05909814672615145,12921,5821743,1650,4876,0.305,0.726006,0.999716,0.886693,0.999163,95358.8207829989,0.2001593880836038,0.06968894872264658,1.5341359243057837,0.42796730678089573,38722356969.59675,0.08988597882386876,0.030787832097717308,1.5209610419829531,0.41934239952569
ppvNpv,optum_extended_dod,12100,[IrCorrection] Persons observed on 1 Jan 2017-2019,12092,[IrCorrection] Appendicitis,17212133,11845569342,45632,0.2646621426873706,0.14070313987276814,18129,4894598,1237,2081,0.411,0.897026,0.999747,0.936122,0.999575,50012.882029000146,0.2905676015227174,0.025905458835346784,1.0978812404838245,0.09338217738684308,11847076826.338333,0.15408612781172598,0.013382987938957841,1.0951150624716657,0.0908594376307597
ppvNpv,optum_extended_dod,12100,[IrCorrection] Persons observed on 1 Jan 2017-2019,12093,[IrCorrection] Transverse myelitis,17214076,11861173241,2063,0.01119432724707384,0.00635275056429807,404,4715855,264,102,0.011,0.79802,0.999944,0.603293,0.999979,1606.045732000839,0.009329839905440403,-0.0018644873416334366,0.8334435557866322,0.18218929859649696,11861015811.29724,0.00494229753594935,-0.00141045302834872,0.7779775840286649,0.2510575675213151
ppvNpv,optum_extended_dod,12100,[IrCorrection] Persons observed on 1 Jan 2017-2019,12097,[IrCorrection] Pulmonary embolism,17191179,11806951061,105707,0.5923851994095344,0.3270063672706537,33796,4871857,4692,8783,0.866,0.793725,0.999038,0.878092,0.9982,123574.32064400041,0.7188240006342812,0.12643880122474682,1.2134401760050317,0.1934594462507408,11813086724.54102,0.38181914758449914,0.054812780313845455,1.1676199175304698,0.15496741837448408
ppvNpv,optum_extended_dod,12100,[IrCorrection] Persons observed on 1 Jan 2017-2019,12087,[IrCorrection] Guillain Barre Syndrome,17214551,11861666000,2266,0.01286121258695623,0.00697757380792883,420,4745142,158,384,0.017,0.521793,0.999967,0.724913,0.999919,3036.8479429999616,0.017641168468465786,0.004779955881509555,1.3716567041553578,0.3160192823643342,11861931575.931566,0.009344595288714055,0.0023670214807852254,1.3392327399096096,0.29209686781804833
ppvNpv,optum_extended_dod,12100,[IrCorrection] Persons observed on 1 Jan 2017-2019,12084,[IrCorrection] Anaphylaxis,17214744,11861741601,22576,0.1032428945792049,0.0695166382591308,5483,4907389,1657,4943,0.212,0.525897,0.999663,0.767927,0.998994,34632.04095999917,0.20117662487457943,0.09793373029537454,1.9485759837955985,0.6670988410822841,11865895181.285557,0.10652963604748612,0.03701299778835532,1.5324336549530106,0.42685709585391496
ppvNpv,optum_extended_dod,12100,[IrCorrection] Persons observed on 1 Jan 2017-2019,12089,[IrCorrection] Myocarditis Pericarditis,17212916,11854134164,20961,0.11922442426373311,0.06458510713714241,3997,4912302,2617,3257,0.147,0.550944,0.999468,0.604173,0.999338,24045.144463000885,0.13969245224342514,0.02046802797969202,1.1716764673521531,0.15843560129821407,11855196153.213379,0.07403064121057532,0.009445534073432904,1.1462494140232036,0.13649523337637073
ppvNpv,optum_extended_dod,12100,[IrCorrection] Persons observed on 1 Jan 2017-2019,12088,[IrCorrection] Acute myocardial infarction,17204080,11801437681,198302,1.125546963278478,0.6137371348967936,57040,4809924,5869,38083,1.937,0.599645,0.998781,0.906721,0.992144,313401.9797099996,1.8216724155549127,0.6961254522764346,1.6184774824932846,0.4814858817098616,11840915096.75347,0.9660716393913986,0.352334504494605,1.5740804726666144,0.45367127490598214
ppvNpv,optum_extended_dod,12100,[IrCorrection] Persons observed on 1 Jan 2017-2019,12094,[IrCorrection] Hemorrhagic stroke,17211507,11845199989,62951,0.36204848302940584,0.19411114013568556,15789,4887025,1687,15173,0.629,0.509948,0.999655,0.903468,0.996905,109948.99488799929,0.6388109704048535,0.2767624873754476,1.7644348764001554,0.5678304557729413,11861372327.904732,0.33833676259961737,0.1442256224639318,1.7430053852814253,0.5556108561954318
ppvNpv,optum_extended_dod,12100,[IrCorrection] Persons observed on 1 Jan 2017-2019,12095,[IrCorrection] Deep vein thrombosis,17177308,11761157978,204519,1.1454530593501613,0.6351463426452753,66009,4821227,7667,15711,1.664,0.807756,0.998412,0.895936,0.996752,238363.55345600046,1.3876653632571556,0.24221230390699433,1.2114554602913246,0.1918224964973681,11772744518.216047,0.7390179654100223,0.10387162276474704,1.1635396691920472,0.15146679788638714
ppvNpv,optum_extended_dod,12100,[IrCorrection] Persons observed on 1 Jan 2017-2019,12090,[IrCorrection] Immune thrombocytopenia,17208767,11850861575,19082,0.10423175582538832,0.05881176196254743,4090,4778265,2114,902,0.104,0.819111,0.999558,0.659091,0.999811,15825.62492699991,0.09196257307103937,-0.012269182754348948,0.882289397725367,0.12523516145852703,11849740319.472908,0.04874666399956946,-0.01006509796297797,0.8288590984676222,0.18770510395292866
ppvNpv,optum_extended_dod,12100,[IrCorrection] Persons observed on 1 Jan 2017-2019,12083,[IrCorrection] Narcolepsy,17209905,11854670229,11330,0.06161568004006994,0.03490845734263065,2200,4881674,1576,820,0.062,0.728477,0.999677,0.582627,0.999832,9490.524509999072,0.05514571120525692,-0.006469968834813017,0.8949947670689431,0.11093740757471748,11854036687.57928,0.02922246267197149,-0.00568599467065916,0.837116988159905,0.1777914474593256
ppvNpv,optum_extended_dod,12100,[IrCorrection] Persons observed on 1 Jan 2017-2019,12096,[IrCorrection] Non-hemorrhagic stroke,17202474,11795615415,207942,1.1732731001366432,0.6438902323266361,51377,4776123,1483,58816,2.254,0.46625,0.99969,0.971945,0.987835,408846.66896999965,2.3766736631603087,1.2034005630236655,2.025678133150341,0.70590452506659,11864494874.147795,1.2577782346150552,0.6138880022884191,1.9534047442685893,0.6695738727518438
ppvNpv,truven_ccae,12100,[IrCorrection] Persons observed on 1 Jan 2017-2019,12083,[IrCorrection] Narcolepsy,23476163,15653681143,16153,0.06445261093135195,0.03769006916713839,2878,5434607,1589,846,0.068,0.772825,0.999708,0.64428,0.999844,14066.816400001055,0.059919572035690226,-0.0045330388956617215,0.9296686537572569,0.07292704260239209,15652985619.355865,0.03280133331018591,-0.004888735856952486,0.8702911412745581,0.13892747817153447
ppvNpv,truven_ccae,12100,[IrCorrection] Persons observed on 1 Jan 2017-2019,12095,[IrCorrection] Deep vein thrombosis,23463515,15615756810,98985,0.4074751800827796,0.2315242974765563,24826,5435017,4382,3203,0.513,0.88569,0.999194,0.849938,0.999411,97892.82109999885,0.41721294145399296,0.00973776137121335,1.0238978024851357,0.02361671937612941,15615393369.140959,0.22881831316597326,-0.002705984310583054,0.9883123095930911,0.011756528357226605
ppvNpv,truven_ccae,12100,[IrCorrection] Persons observed on 1 Jan 2017-2019,12089,[IrCorrection] Myocarditis Pericarditis,23481345,15658056045,15840,0.06591615599532309,0.03694941430387503,3195,5493488,1690,1454,0.085,0.687245,0.999693,0.654043,0.999736,16554.934440000987,0.07050249651372606,0.004586340518402968,1.0695783977258684,0.06726455001027035,15658294414.725628,0.03859009743052044,0.0016406831266454133,1.0444034948200343,0.04344590408391965
ppvNpv,truven_ccae,12100,[IrCorrection] Persons observed on 1 Jan 2017-2019,12084,[IrCorrection] Anaphylaxis,23483188,15663576907,36812,0.1224067192239827,0.08583979942659976,6740,5477802,2282,5660,0.226,0.543468,0.999584,0.746952,0.998968,51693.45705600077,0.22012963936583382,0.09772292014185112,1.798346044738242,0.5868673784534715,15668539964.977581,0.12042035740161114,0.034580557975011375,1.4028499391425147,0.33850583826708286
ppvNpv,truven_ccae,12100,[IrCorrection] Persons observed on 1 Jan 2017-2019,12090,[IrCorrection] Immune thrombocytopenia,23478604,15656702508,12683,0.05065037086532061,0.02958774842680302,1998,5497015,1516,401,0.044,0.832777,0.999724,0.568298,0.999927,8920.735766999758,0.03799517112260915,-0.012655199742711454,0.7501459608980624,0.2874874768559822,15655448075.414217,0.020798309567826034,-0.008789438858976987,0.70293654210555645,0.35248865852097644
ppvNpv,truven_ccae,12100,[IrCorrection] Persons observed on 1 Jan 2017-2019,12097,[IrCorrection] Pulmonary embolism,23470577,15638723629,49049,0.20155874310205496,0.1145563261747184,12421,5472315,2453,1287,0.25,0.906113,0.999552,0.835081,0.999765,46463.947048999646,0.1979667864535228,-0.003591956648532152,0.9821791077218941,0.017981596503349823,15637862403.290316,0.10845050452238603,-0.00610582165233238,0.9467002665307201,0.05477274431070904
ppvNpv,truven_ccae,12100,[IrCorrection] Persons observed on 1 Jan 2017-2019,12093,[IrCorrection] Transverse myelitis,23482528,15663372949,2519,0.01022462317515388,0.00587398865490679,497,5408256,285,98,0.011,0.835017,0.999947,0.634271,0.999982,2020.3688109991194,0.008603710856851184,-0.0016209123183026954,0.8414697255306623,0.17260524278911335,15663206649.905684,0.004708069251063089,-0.0011659194038437012,0.8015114648085404,0.2212560028445147
ppvNpv,truven_ccae,12100,[IrCorrection] Persons observed on 1 Jan 2017-2019,12096,[IrCorrection] Non-hemorrhagic stroke,23479140,15648432942,47000,0.19686411001425097,0.1097026779846107,10731,5451800,1319,10719,0.392,0.500256,0.999758,0.890456,0.998038,87825.29068000044,0.37405667618149746,0.1771925661672465,1.9000755198823165,0.6418936326889739,15662037610.304369,0.2046747166352718,0.09497203865066109,1.8657221536924007,0.6236481919239575
ppvNpv,truven_ccae,12100,[IrCorrection] Persons observed on 1 Jan 2017-2019,12088,[IrCorrection] Acute myocardial infarction,23479482,15645523420,55257,0.23248809322113664,0.12899932273406806,13998,5454870,1593,7723,0.396,0.644429,0.999708,0.897762,0.998586,82729.4889840006,0.35234801595708376,0.11985992273594712,1.5155529518749997,0.4157803571065797,15654676549.311049,0.19288973096342343,0.06389040822935538,1.495277082663956,0.40231152924394525
ppvNpv,truven_ccae,12100,[IrCorrection] Persons observed on 1 Jan 2017-2019,12092,[IrCorrection] Appendicitis,23479764,15638682214,70106,0.2981077663301897,0.1637364078993619,23176,5441946,1509,3039,0.479,0.88407,0.999723,0.938829,0.999442,78880.13503799877,0.33594943730268656,0.037841670972496855,1.1269395676548148,0.11950561130830109,15641604217.593435,0.18406839150478949,0.020331983605427595,1.124175092554396,0.11704951563357903
ppvNpv,truven_ccae,12100,[IrCorrection] Persons observed on 1 Jan 2017-2019,12087,[IrCorrection] Guillain Barre Syndrome,23483025,15664242136,1494,0.00624706569958512,0.00348362528657479,331,5272111,79,189,0.01,0.636538,0.999985,0.807317,0.999964,2051.4667140008455,0.008735955925613695,0.002488890226028575,1.3984094846631543,0.33533550840696974,15664428063.783812,0.0047801639968043375,0.0012965387102295473,1.3721808758324707,0.31640135431153144
ppvNpv,truven_mdcd,12100,[IrCorrection] Persons observed on 1 Jan 2017-2019,12090,[IrCorrection] Immune thrombocytopenia,11806655,8508691084,7116,0.05682388449565097,0.03054663724820686,2175,4625231,1872,1094,0.071,0.665341,0.999595,0.537435,0.999764,6609.078664000164,0.05597757081917075,-8.463136764802204e-4,0.9851063741243351,0.015005649606126178,8508508422.735996,0.028351781446369618,-0.0021948558018372415,0.928147383818293,0.07456474003658986
ppvNpv,truven_mdcd,12100,[IrCorrection] Persons observed on 1 Jan 2017-2019,12084,[IrCorrection] Anaphylaxis,11808408,8512492895,15136,0.10638182556022792,0.06494482953691792,6678,5592731,2210,4895,0.206,0.576996,0.999605,0.751238,0.999126,21678.058096000488,0.1835815471145686,0.07719972155434067,1.7256852488457641,0.5456242173098257,8514850927.643388,0.09292577488764185,0.02798094535072393,1.4308417706265306,0.35826292187268566
ppvNpv,truven_mdcd,12100,[IrCorrection] Persons observed on 1 Jan 2017-2019,12083,[IrCorrection] Narcolepsy,11806046,8507682178,7728,0.06146003496852376,0.03317768507266398,2044,5602493,1917,752,0.05,0.731306,0.999658,0.516031,0.999866,5568.862179999616,0.04716957887509177,-0.014290456093431991,0.7674837624034753,0.2646379562221429,8506904218.200798,0.02389394124540596,-0.009283743827258016,0.7201810853612824,0.3282525911485061
ppvNpv,truven_mdcd,12100,[IrCorrection] Persons observed on 1 Jan 2017-2019,12095,[IrCorrection] Deep vein thrombosis,11796880,8475651967,73896,0.5976495480160856,0.31844764396990016,35743,5553096,4643,13456,0.877,0.726478,0.999165,0.88501,0.997583,93733.15128800002,0.7945588264693718,0.1969092784532862,1.3294728141382053,0.2847824833069929,8482778121.980546,0.4033183436858785,0.08487069971597833,1.266513825186285,0.23626810645708782
ppvNpv,truven_mdcd,12100,[IrCorrection] Persons observed on 1 Jan 2017-2019,12096,[IrCorrection] Non-hemorrhagic stroke,11802359,8483444836,80067,0.6494549098192997,0.3447240161909152,33381,5529316,3149,31854,1.165,0.511696,0.999431,0.91377,0.994272,140308.1111659995,1.1888141274638357,0.5393592176445361,1.8304798523959178,0.6045781469051348,8505095259.590576,0.6021385888399222,0.257414572649007,1.7467265422738798,0.5577434890050916
ppvNpv,truven_mdcd,12100,[IrCorrection] Persons observed on 1 Jan 2017-2019,12088,[IrCorrection] Acute myocardial infarction,11803596,8488785959,72277,0.590938558046209,0.3109888077930744,36115,5539359,5055,24867,1.088,0.592217,0.999088,0.877192,0.995531,115828.07079499937,0.9812947748719913,0.39035621682578237,1.6605698875300976,0.5071608491935423,8504446259.397608,0.4971193250055222,0.18613051721244778,1.5985119481736951,0.46907316410583627
ppvNpv,truven_mdcd,12100,[IrCorrection] Persons observed on 1 Jan 2017-2019,12092,[IrCorrection] Appendicitis,11807112,8500888359,32576,0.27524088871182045,0.139966359955816,21606,5572955,1031,8436,0.536,0.719193,0.999815,0.954455,0.998489,48883.64997600047,0.41401868616136167,0.13877779744954122,1.504204873407609,0.4082644352716963,8506758952.581378,0.2097453606091172,0.0697790006533012,1.4985412257297306,0.4044921187273027
ppvNpv,truven_mdcd,12100,[IrCorrection] Persons observed on 1 Jan 2017-2019,12097,[IrCorrection] Pulmonary embolism,11801314,8490459317,45630,0.3707553243647275,0.1962951222983877,24291,5575261,3476,4891,0.52,0.832391,0.999377,0.874779,0.999124,50214.14495399986,0.4254962197768813,0.05474089541215377,1.1476469569410765,0.13771372180372557,8492108349.312637,0.21582582504017928,0.019530702741791583,1.0994966278994085,0.09485246406791982
ppvNpv,truven_mdcr,12100,[IrCorrection] Persons observed on 1 Jan 2017-2019,12095,[IrCorrection] Deep vein thrombosis,1459605,902115153,37179,2.4614193566067533,1.5053100155607295,15410,648135,3014,3200,2.779,0.82804,0.99537,0.836355,0.995085,38086.066335,2.609340632225842,0.14792127561908863,1.060095926044479,0.058359400297812024,902395461.1263697,1.540501344601541,0.03519132904081146,1.0233781272143483,0.023109044495171652
ppvNpv,truven_mdcr,12100,[IrCorrection] Persons observed on 1 Jan 2017-2019,12088,[IrCorrection] Acute myocardial infarction,1464917,907935033,37794,2.532225375226037,1.5204015704061944,17539,639426,1797,8608,3.918,0.670784,0.997198,0.907065,0.986715,53240.943664999984,3.6344000148131252,1.1021746395870884,1.4352592981533896,0.36134552846537993,912721932.6353482,2.129119915154802,0.6087183447486075,1.4003668218956,0.3367342179408243
ppvNpv,truven_mdcr,12100,[IrCorrection] Persons observed on 1 Jan 2017-2019,12097,[IrCorrection] Pulmonary embolism,1462484,910068500,18165,1.2032952155374008,0.7290403139983419,9116,504246,666,1609,2.08,0.849977,0.998683,0.931916,0.996819,21522.632878999986,1.4716491174604294,0.26835390192302855,1.2230158471985444,0.20131981426503048,911113186.95648706,0.8622157063796477,0.13317539238130582,1.1826721922288768,0.1677764478896817
ppvNpv,truven_mdcr,12100,[IrCorrection] Persons observed on 1 Jan 2017-2019,12092,[IrCorrection] Appendicitis,1467858,918202843,2625,0.17828700051367366,0.10441932927014472,1892,691460,169,415,0.332,0.820468,0.999756,0.918001,0.9994,3288.892425000066,0.2240606669718778,0.04577366645820413,1.2567414692396126,0.22852223561414756,918410488.3962445,0.1307090620471112,0.026289732776966473,1.2517707493499783,0.2245591483637324
ppvNpv,truven_mdcr,12100,[IrCorrection] Persons observed on 1 Jan 2017-2019,12096,[IrCorrection] Non-hemorrhagic stroke,1464450,906276400,40240,2.681074806241251,1.621763514971812,16291,623992,775,12776,4.446,0.560483,0.99876,0.954588,0.979936,66987.97055999996,4.574275022021917,1.893200215780666,1.7061347976466383,0.5342304598089233,914552904.6489886,2.6735040838106885,1.0517405688388766,1.648516604997836,0.4998758562710543
ppvNpv,cprd,12100,[IrCorrection] Persons observed on 1 Jan 2017-2019,12095,[IrCorrection] Deep vein thrombosis,4458631,3883375458,9969,0.2196189817008853,0.09376320392865808,4964,3926419,3638,5119,0.256,0.492215,0.999074,0.576959,0.998698,11543.862195000112,0.2589104636602606,0.03929148195937529,1.1789074954044234,0.16458815826029602,3884061294.212707,0.10848205993693291,0.014718856008274828,1.1569790215303863,0.145812316267024
ppvNpv,ims_germany,12100,[IrCorrection] Persons observed on 1 Jan 2017-2019,12095,[IrCorrection] Deep vein thrombosis,9295910,7684226739,17673,0.18358611475369271,0.0840040705363158,13965,1647431,698,33,0.842,0.997643,0.999576,0.952462,0.999979,17027.703903000453,0.18317414758749226,-4.1196716620045537e-4,0.997756000410199,0.002246521129809966,7683960030.225758,0.08088423026860231,-0.003119840267713489,0.9628608441496326,0.03784638006616736
sensPpv,optum_ehr,12100,[IrCorrection] Persons observed on 1 Jan 2017-2019,12084,[IrCorrection] Anaphylaxis,47646367,38726676735,41866,0.07177672119261475,0.03948584745506953,5250,5712022,1146,2282,0.132,0.697026,0.999799,0.82082599999999994,0.999601,49301.89306568191,0.10347461132909022,0.031697890136475476,1.44161797320629,0.36576607533465144,38729698659.28429,0.046463545010464694,0.006977697555395165,1.1767138862432927,0.16272571142371753
sensPpv,optum_ehr,12100,[IrCorrection] Persons observed on 1 Jan 2017-2019,12090,[IrCorrection] Immune thrombocytopenia,47640169,38709252722,34568,0.06712192813589725,0.0326174263571463,3047,5836202,1915,738,0.065,0.804968,0.999672,0.613865,0.999874,26361.402341459532,0.05533440139865904,-0.011787526737238208,0.8243863508602912,0.1931159865557175,38705918652.56426,0.024859019471936184,-0.0077584068852101125,0.7621392074206281,0.2716260530769996
sensPpv,optum_ehr,12100,[IrCorrection] Persons observed on 1 Jan 2017-2019,12087,[IrCorrection] Guillain Barre Syndrome,47646223,38726954751,3230,0.00659023906260103,0.00304634719560421,533,5762356,106,252,0.014,0.678981,0.999982,0.834116,0.999956,3967.9971604507346,0.00832804136531606,0.0017378023027150302,1.2636933632008724,0.23403867388999547,38727254673.856834,0.00373979249435984,6.9344529875563e-4,1.2276317353964943,0.20508689500676136
sensPpv,optum_ehr,12100,[IrCorrection] Persons observed on 1 Jan 2017-2019,12088,[IrCorrection] Acute myocardial infarction,47632238,38649455296,241305,0.4952402194496929,0.22804112134310375,46049,5685135,5521,28308,1.29,0.619296,0.99903,0.892959,0.995045,347936.1589530693,0.7304635968460464,0.23522337739635357,1.474968244012435,0.3886364600769256,38692716293.00708,0.32821861627952537,0.10017749493642161,1.4392957478300485,0.36415392995019075
sensPpv,optum_ehr,12100,[IrCorrection] Persons observed on 1 Jan 2017-2019,12095,[IrCorrection] Deep vein thrombosis,47606062,38584996074,300819,0.6033622356749441,0.2847587169356673,43877,5788064,8626,8576,0.897,0.836482,0.998512,0.835686,0.998521,300532.73929863406,0.6312909042941507,0.02792866861920662,1.0462883935517848,0.045249038494045546,38584880066.00045,0.28429387277183754,-4.6484416382974736e-4,0.9983675858325533,0.0016337480072374088
sensPpv,optum_ehr,12100,[IrCorrection] Persons observed on 1 Jan 2017-2019,12093,[IrCorrection] Transverse myelitis,47645639,38725401232,4929,0.00963571923130257,0.00464893117366164,521,5244214,279,235,0.014,0.688742,0.999947,0.65,0.999955,4651.741871411937,0.009763205970250367,1.2748673894779662e-4,1.013230640690904,0.013143880191181592,38725288557.130905,0.004384436750059302,-2.6449442360233777e-4,0.9431064015099165,0.05857616972347514
sensPpv,optum_ehr,12100,[IrCorrection] Persons observed on 1 Jan 2017-2019,12083,[IrCorrection] Narcolepsy,47640547,38710788365,29482,0.05698087387619625,0.02781731128404519,2331,5419329,1054,1022,0.062,0.695107,0.999805,0.688331,0.999811,29194.60535140633,0.061281003661453205,0.0043001297852569564,1.0754661958080873,0.07275423809089553,38710671602.345924,0.027527372975408516,-2.8993830863667525e-4,0.9895770548894504,0.010477644420187992
sensPpv,optum_ehr,12100,[IrCorrection] Persons observed on 1 Jan 2017-2019,12096,[IrCorrection] Non-hemorrhagic stroke,47634279,38667953634,181728,0.3729730012287999,0.1716567487078931,33786,5778163,1439,25993,1.024,0.565174,0.999751,0.95912,0.995522,308398.75747999735,0.647430304298292,0.27445730306949206,1.735863727844275,0.5515051153714902,38719367228.1579,0.2907215549698807,0.11906480626198762,1.6936214693463596,0.5268691175096804
sensPpv,optum_ehr,12100,[IrCorrection] Persons observed on 1 Jan 2017-2019,12097,[IrCorrection] Pulmonary embolism,47619758,38640690615,177354,0.3554679971284188,0.1676433507501895,27404,5809836,5584,3978,0.537,0.873235,0.99904,0.830696,0.999316,168714.3304883565,0.35429480865559315,-0.0011731884728256592,0.9966995946687098,0.0033058636821213013,38637185317.92756,0.15938203086361163,-0.008261319886577856,0.9507208615813919,0.05053478046735915
sensPpv,optum_ehr,12100,[IrCorrection] Persons observed on 1 Jan 2017-2019,12089,[IrCorrection] Myocarditis Pericarditis,47644042,38714665422,33357,0.06782170160961574,0.03147035914477132,4626,5708723,1888,1436,0.106,0.763075,0.999669,0.710009,0.999749,31037.277086787013,0.06514408892257087,-0.002677612687044875,0.9605198244293941,0.04028065728907824,38713722940.079,0.029262507649320233,-0.00220785149545109,0.929843460467215,0.07273902908084974
sensPpv,optum_ehr,12100,[IrCorrection] Persons observed on 1 Jan 2017-2019,12086,[IrCorrection] Encephalomyelitis,47646228,38727175012,4925,0.01005745932290799,0.00464494569883449,534,5838989,500,644,0.02,0.452846,0.999914,0.515474,0.99989,5606.120955026653,0.01176613803515916,0.0017086787122511694,1.1698916851057297,0.15691116769145563,38727451821.84977,0.005283678766156922,6.387330673224313e-4,1.1375114175140308,0.1288429091675665
sensPpv,optum_ehr,12100,[IrCorrection] Persons observed on 1 Jan 2017-2019,12092,[IrCorrection] Appendicitis,47642032,38694452190,101407,0.21164714384978373,0.09572149146376116,25371,5813199,1463,2863,0.483,0.898597,0.999749,0.94548,0.999508,106697.7636916215,0.22395720587992865,0.012310062030144925,1.0581631379768677,0.05653451623445921,38696600746.5804,0.10064109765735268,0.004919606193591525,1.0513950014606075,0.05011785521710209
sensPpv,optum_ehr,12100,[IrCorrection] Persons observed on 1 Jan 2017-2019,12094,[IrCorrection] Hemorrhagic stroke,47641443,38709061565,62632,0.13047043936095723,0.05909814672615145,12921,5821743,1650,4876,0.305,0.726006,0.999716,0.886693,0.999163,76494.34849849725,0.16056261876555092,0.03009217940459369,1.230643658072931,0.20753733175730926,38714693200.69021,0.07211845140349381,0.01302030467734236,1.22031663256169,0.19911035995844387
sensPpv,optum_extended_dod,12100,[IrCorrection] Persons observed on 1 Jan 2017-2019,12092,[IrCorrection] Appendicitis,17212133,11845569342,45632,0.2646621426873706,0.14070313987276814,18129,4894598,1237,2081,0.411,0.897026,0.999747,0.936122,0.999575,47620.82604517595,0.27667010268382164,0.012007959996451045,1.0453709014614732,0.04437175207235794,11846253707.407452,0.14672656804252404,0.006023428169755901,1.0428094794132003,0.04191849338226814
sensPpv,optum_extended_dod,12100,[IrCorrection] Persons observed on 1 Jan 2017-2019,12093,[IrCorrection] Transverse myelitis,17214076,11861173241,2063,0.01119432724707384,0.00635275056429807,404,4715855,264,102,0.011,0.79802,0.999944,0.603293,0.999979,1559.601838299792,0.009060038065939711,-0.002134289181134128,0.8093418984430687,0.2115338326070847,11860999810.465445,0.004799381840282532,-0.001553368724015538,0.7554809199112364,0.2804007525038903
sensPpv,optum_extended_dod,12100,[IrCorrection] Persons observed on 1 Jan 2017-2019,12097,[IrCorrection] Pulmonary embolism,17191179,11806951061,105707,0.5923851994095344,0.3270063672706537,33796,4871857,4692,8783,0.866,0.793725,0.999038,0.878092,0.9982,116942.85935809002,0.6802492101215979,0.08786401071206351,1.1483224273659147,0.13830211853840588,11810809471.222162,0.3613989690520846,0.03439260178143089,1.1051741043102232,0.10000288302011073
sensPpv,optum_extended_dod,12100,[IrCorrection] Persons observed on 1 Jan 2017-2019,12087,[IrCorrection] Guillain Barre Syndrome,17214551,11861666000,2266,0.01286121258695623,0.00697757380792883,420,4745142,158,384,0.017,0.521793,0.999967,0.724913,0.999919,3148.092937237564,0.01828739499065392,0.005426182403697688,1.4219028623475902,0.35199601846239525,11861969902.5474,0.009686872682461852,0.002709298874533022,1.3882866665565563,0.3280703728610598
sensPpv,optum_extended_dod,12100,[IrCorrection] Persons observed on 1 Jan 2017-2019,12084,[IrCorrection] Anaphylaxis,17214744,11861741601,22576,0.1032428945792049,0.0695166382591308,5483,4907389,1657,4943,0.212,0.525897,0.999663,0.767927,0.998994,32965.99895416784,0.1914986302100562,0.0882557356308513,1.854835928327679,0.6177962438067395,11865321191.925924,0.10140972522900736,0.031893086969876555,1.4587835051947078,0.37760287278310706
sensPpv,optum_extended_dod,12100,[IrCorrection] Persons observed on 1 Jan 2017-2019,12089,[IrCorrection] Myocarditis Pericarditis,17212916,11854134164,20961,0.11922442426373311,0.06458510713714241,3997,4912302,2617,3257,0.147,0.550944,0.999468,0.604173,0.999338,22986.129720987978,0.1335400098448629,0.014315585581129775,1.1200725914135066,0.11339349696874149,11854831493.825233,0.07077230370191795,0.006187196564775538,1.0957991221046892,0.09148388897629178
sensPpv,optum_extended_dod,12100,[IrCorrection] Persons observed on 1 Jan 2017-2019,12088,[IrCorrection] Acute myocardial infarction,17204080,11801437681,198302,1.125546963278478,0.6137371348967936,57040,4809924,5869,38083,1.937,0.599645,0.998781,0.906721,0.992144,299851.7251740613,1.7429105489747858,0.6173635856963078,1.5485009562800112,0.4372873379834071,11836267580.453047,0.9246654736774986,0.310928338780705,1.5066148373651709,0.4098653046054684
sensPpv,optum_extended_dod,12100,[IrCorrection] Persons observed on 1 Jan 2017-2019,12094,[IrCorrection] Hemorrhagic stroke,17211507,11845199989,62951,0.36204848302940584,0.19411114013568556,15789,4887025,1687,15173,0.629,0.509948,0.999655,0.903468,0.996905,111529.4384290163,0.6479934524560592,0.2859449694266534,1.789797452081656,0.5821024581884793,11861916169.586193,0.3431843931840151,0.14907325304832955,1.7679788648097472,0.5698370098508692
sensPpv,optum_extended_dod,12100,[IrCorrection] Persons observed on 1 Jan 2017-2019,12095,[IrCorrection] Deep vein thrombosis,17177308,11761157978,204519,1.1454530593501613,0.6351463426452753,66009,4821227,7667,15711,1.664,0.807756,0.998412,0.895936,0.996752,226845.64990417895,1.3206123445197522,0.1751592851695909,1.1529170346526136,0.14229528262910784,11768801412.484686,0.7035437111479347,0.06839736850265943,1.107687573572094,0.1022745752527589
sensPpv,optum_extended_dod,12100,[IrCorrection] Persons observed on 1 Jan 2017-2019,12090,[IrCorrection] Immune thrombocytopenia,17208767,11850861575,19082,0.10423175582538832,0.05881176196254743,4090,4778265,2114,902,0.104,0.819111,0.999558,0.659091,0.999811,15354.17600544981,0.08922298736132467,-0.015008768464063654,0.8560057983748569,0.1554781290609341,11849577987.217813,0.04729513783557974,-0.01151662412696769,0.8041782163523392,0.21793437223681564
sensPpv,optum_extended_dod,12100,[IrCorrection] Persons observed on 1 Jan 2017-2019,12083,[IrCorrection] Narcolepsy,17209905,11854670229,11330,0.06161568004006994,0.03490845734263065,2200,4881674,1576,820,0.062,0.728477,0.999677,0.582627,0.999832,9061.595506790194,0.05265337319869107,-0.008962306841378873,0.8545450308176344,0.15718607937423965,11853888958.353445,0.027902086577651256,-0.007006370764979394,0.7992930281561561,0.22402765682514156
sensPpv,optum_extended_dod,12100,[IrCorrection] Persons observed on 1 Jan 2017-2019,12096,[IrCorrection] Non-hemorrhagic stroke,17202474,11795615415,207942,1.1732731001366432,0.6438902323266361,51377,4776123,1483,58816,2.254,0.46625,0.99969,0.971945,0.987835,433476.00469705096,2.5198468818906568,1.3465737817540135,2.147707027116864,0.7644007740094082,11872938955.27715,1.3325996394860629,0.6887094071594267,2.0696068562351706,0.7273586647152592
sensPpv,truven_ccae,12100,[IrCorrection] Persons observed on 1 Jan 2017-2019,12083,[IrCorrection] Narcolepsy,23476163,15653681143,16153,0.06445261093135195,0.03769006916713839,2878,5434607,1589,846,0.068,0.772825,0.999708,0.64428,0.999844,13466.250237764047,0.05736137646413533,-0.0070912344672166144,0.8899775452887481,0.11655904658687628,15652785393.466972,0.031401320680185994,-0.006288748486952399,0.8331457430055476,0.18254669052799494
sensPpv,truven_ccae,12100,[IrCorrection] Persons observed on 1 Jan 2017-2019,12095,[IrCorrection] Deep vein thrombosis,23463515,15615756810,98985,0.4074751800827796,0.2315242974765563,24826,5435017,4382,3203,0.513,0.88569,0.999194,0.849938,0.999411,94989.34495139384,0.4048385118401648,-0.002636668242614826,0.993529254365679,0.0064917716606441205,15614427188.7234,0.2220453590016925,-0.009478938474863807,0.9590585585263524,0.041803143891636606
sensPpv,truven_ccae,12100,[IrCorrection] Persons observed on 1 Jan 2017-2019,12089,[IrCorrection] Myocarditis Pericarditis,23481345,15658056045,15840,0.06591615599532309,0.03694941430387503,3195,5493488,1690,1454,0.085,0.687245,0.999693,0.654043,0.999736,15074.742078880166,0.06419880155451131,-0.0017173544408117802,0.973946380596987,0.026399027576727796,15657800896.680819,0.035140827853786596,-0.0018085864500884327,0.9510523648571404,0.050186155011392605
sensPpv,truven_ccae,12100,[IrCorrection] Persons observed on 1 Jan 2017-2019,12084,[IrCorrection] Anaphylaxis,23483188,15663576907,36812,0.1224067192239827,0.08583979942659976,6740,5477802,2282,5660,0.226,0.543468,0.999584,0.746952,0.998968,50595.061758926015,0.2154522706155826,0.09304555139159988,1.7601343454140204,0.5653901387584765,15668173643.351871,0.11786439161557143,0.03202459218897166,1.373073940094133,0.3170519782812881
sensPpv,truven_ccae,12100,[IrCorrection] Persons observed on 1 Jan 2017-2019,12090,[IrCorrection] Immune thrombocytopenia,23478604,15656702508,12683,0.05065037086532061,0.02958774842680302,1998,5497015,1516,401,0.044,0.832777,0.999724,0.568298,0.999927,8655.046349743088,0.036863547550540436,-0.01378682331478017,0.7278040993729473,0.3177233612657396,15655359487.946123,0.020178980368279482,-0.009408768058523538,0.6820045945097903,0.3827188843434928
sensPpv,truven_ccae,12100,[IrCorrection] Persons observed on 1 Jan 2017-2019,12097,[IrCorrection] Pulmonary embolism,23470577,15638723629,49049,0.20155874310205496,0.1145563261747184,12421,5472315,2453,1287,0.25,0.906113,0.999552,0.835081,0.999765,45203.95134933502,0.19259838115328404,-0.008960361948770923,0.9555446625094599,0.04547377384113682,15637442628.256222,0.10551240784534334,-0.009043918329375067,0.9210526504177385,0.0822380777834276
sensPpv,truven_ccae,12100,[IrCorrection] Persons observed on 1 Jan 2017-2019,12093,[IrCorrection] Transverse myelitis,23482528,15663372949,2519,0.01022462317515388,0.00587398865490679,497,5408256,285,98,0.011,0.835017,0.999947,0.634271,0.999982,1913.4085282096055,0.008148222066251152,-0.0020764011089027274,0.7969215027945049,0.2269990958900112,15663170977.451677,0.004458829657174126,-0.0014151589977326644,0.7590803998999006,0.2756475784746863
sensPpv,truven_ccae,12100,[IrCorrection] Persons observed on 1 Jan 2017-2019,12096,[IrCorrection] Non-hemorrhagic stroke,23479140,15648432942,47000,0.19686411001425097,0.1097026779846107,10731,5451800,1319,10719,0.392,0.500256,0.999758,0.890456,0.998038,83660.03006460692,0.356316415612356,0.15945230559810503,1.8099612752500305,0.5933054501593745,15660649573.914919,0.19498495786818137,0.08528227988357068,1.7773946949183341,0.5751486375750885
sensPpv,truven_ccae,12100,[IrCorrection] Persons observed on 1 Jan 2017-2019,12088,[IrCorrection] Acute myocardial infarction,23479482,15645523420,55257,0.23248809322113664,0.12899932273406806,13998,5454870,1593,7723,0.396,0.644429,0.999708,0.897762,0.998586,76979.20924415256,0.32785735751816225,0.09536926429702561,1.4102113917993764,0.3437396164146769,15652760703.460161,0.1795045098204596,0.05050518708639154,1.391515133691887,0.33039317773629995
sensPpv,truven_ccae,12100,[IrCorrection] Persons observed on 1 Jan 2017-2019,12092,[IrCorrection] Appendicitis,23479764,15638682214,70106,0.2981077663301897,0.1637364078993619,23176,5441946,1509,3039,0.479,0.88407,0.999723,0.938829,0.999442,74448.34218331128,0.3170744909672486,0.018966724637058896,1.0636237185986326,0.06168168043765905,15640128321.155703,0.17374310708277274,0.01000669918341085,1.0611146861702336,0.05931994631640908
sensPpv,truven_ccae,12100,[IrCorrection] Persons observed on 1 Jan 2017-2019,12087,[IrCorrection] Guillain Barre Syndrome,23483025,15664242136,1494,0.00624706569958512,0.00348362528657479,331,5272111,79,189,0.01,0.636538,0.999985,0.807317,0.999964,1894.830470451096,0.008068936904215262,0.001821871204630142,1.2916363125092691,0.2559098738682476,15664375822.046509,0.0044151974491141435,9.315721625393534e-4,1.2674145712885512,0.23697905483389214
sensPpv,truven_mdcd,12100,[IrCorrection] Persons observed on 1 Jan 2017-2019,12090,[IrCorrection] Immune thrombocytopenia,11806655,8508691084,7116,0.05682388449565097,0.03054663724820686,2175,4625231,1872,1094,0.071,0.665341,0.999595,0.537435,0.999764,5748.011110092419,0.04868450132651812,-0.008139383169132847,0.8567612326863047,0.15459600750355482,8508198150.35916,0.024658852768904633,-0.0058877844793022265,0.8072526140451729,0.21411863113880913
sensPpv,truven_mdcd,12100,[IrCorrection] Persons observed on 1 Jan 2017-2019,12084,[IrCorrection] Anaphylaxis,11808408,8512492895,15136,0.10638182556022792,0.06494482953691792,6678,5592731,2210,4895,0.206,0.576996,0.999605,0.751238,0.999126,19706.78889974974,0.16688777098275853,0.06050594542253061,1.568762052201062,0.4502868065464131,8514140399.389824,0.0844827265113475,0.019537896974429578,1.300838374875143,0.2630089603565398
sensPpv,truven_mdcd,12100,[IrCorrection] Persons observed on 1 Jan 2017-2019,12083,[IrCorrection] Narcolepsy,11806046,8507682178,7728,0.06146003496852376,0.03317768507266398,2044,5602493,1917,752,0.05,0.731306,0.999658,0.516031,0.999866,5453.1038552945,0.04618907850515321,-0.015270956463370546,0.7515302997925166,0.2856437515167152,8506862509.273184,0.02339737952756155,-0.009780305545102428,0.7052143474241156,0.34925348348087354
sensPpv,truven_mdcd,12100,[IrCorrection] Persons observed on 1 Jan 2017-2019,12095,[IrCorrection] Deep vein thrombosis,11796880,8475651967,73896,0.5976495480160856,0.31844764396990016,35743,5553096,4643,13456,0.877,0.726478,0.999165,0.88501,0.997583,90021.58215389866,0.7630965319126639,0.1654469838965783,1.2768294303003895,0.24437999749505657,8481444804.686817,0.3874089644256821,0.06896132045578196,1.216554657450379,0.19602281231873883
sensPpv,truven_mdcd,12100,[IrCorrection] Persons observed on 1 Jan 2017-2019,12096,[IrCorrection] Non-hemorrhagic stroke,11802359,8483444836,80067,0.6494549098192997,0.3447240161909152,33381,5529316,3149,31854,1.165,0.511696,0.999431,0.91377,0.994272,142981.03285935396,1.2114614786701028,0.5620065688508031,1.8653511742750122,0.6234493325684844,8506055897.363775,0.6135402544184844,0.26881623822756917,1.77980130655792,0.5765017325441423
sensPpv,truven_mdcd,12100,[IrCorrection] Persons observed on 1 Jan 2017-2019,12088,[IrCorrection] Acute myocardial infarction,11803596,8488785959,72277,0.590938558046209,0.3109888077930744,36115,5539359,5055,24867,1.088,0.592217,0.999088,0.877192,0.995531,107056.71431924446,0.9069838913433199,0.31604533329711093,1.534819278576162,0.428412640281385,8501292213.4741125,0.4596442487248144,0.14865544093174,1.4780089739777782,0.3906958942110808
sensPpv,truven_mdcd,12100,[IrCorrection] Persons observed on 1 Jan 2017-2019,12092,[IrCorrection] Appendicitis,11807112,8500888359,32576,0.27524088871182045,0.139966359955816,21606,5572955,1031,8436,0.536,0.719193,0.999815,0.954455,0.998489,43232.24236053466,0.3661542497482421,0.09091336103642167,1.330304706767637,0.28540801882642586,8504724501.429807,0.18554120664275806,0.04557484668694206,1.3256128594137115,0.28187488790823245
sensPpv,truven_mdcd,12100,[IrCorrection] Persons observed on 1 Jan 2017-2019,12097,[IrCorrection] Pulmonary embolism,11801314,8490459317,45630,0.3707553243647275,0.1962951222983877,24291,5575261,3476,4891,0.52,0.832391,0.999377,0.874779,0.999124,47953.624883017714,0.4063414030252709,0.03558607866054336,1.095982650340945,0.09165135841963883,8491295183.350867,0.2061296033686387,0.009834481070251005,1.0501004862224832,0.04888586075463744
sensPpv,truven_mdcr,12100,[IrCorrection] Persons observed on 1 Jan 2017-2019,12095,[IrCorrection] Deep vein thrombosis,1459605,902115153,37179,2.4614193566067533,1.5053100155607295,15410,648135,3014,3200,2.779,0.82804,0.99537,0.836355,0.995085,37552.34354016714,2.5727743834919132,0.11135502688515997,1.0452401686800217,0.04424668549877184,902230526.2910135,1.5191910484904112,0.01388103292968168,1.0092213781787076,0.009179120852820225
sensPpv,truven_mdcr,12100,[IrCorrection] Persons observed on 1 Jan 2017-2019,12088,[IrCorrection] Acute myocardial infarction,1464917,907935033,37794,2.532225375226037,1.5204015704061944,17539,639426,1797,8608,3.918,0.670784,0.997198,0.907065,0.986715,51106.78640218013,3.4887154973408134,0.9564901221147766,1.3777270899630711,0.3204351050550877,912060572.2494541,2.0452563792762843,0.52485480887009,1.345208015491505,0.2965486594534278
sensPpv,truven_mdcr,12100,[IrCorrection] Persons observed on 1 Jan 2017-2019,12097,[IrCorrection] Pulmonary embolism,1462484,910068500,18165,1.2032952155374008,0.7290403139983419,9116,504246,666,1609,2.08,0.849977,0.998683,0.931916,0.996819,19916.132012983882,1.3618017026500038,0.15850648711260296,1.1317270151712626,0.12374479802344611,910613343.5963601,0.7982958119227119,0.06925549792437002,1.094995429737686,0.09075018950421614
sensPpv,truven_mdcr,12100,[IrCorrection] Persons observed on 1 Jan 2017-2019,12092,[IrCorrection] Appendicitis,1467858,918202843,2625,0.17828700051367366,0.10441932927014472,1892,691460,169,415,0.332,0.820468,0.999756,0.918001,0.9994,2937.046447880966,0.20009063873215024,0.021803638218476584,1.1222951654111448,0.1153758432798768,918300441.655862,0.11673978415424725,0.012320454884102536,1.1179901745224594,0.1115325862528393
sensPpv,truven_mdcr,12100,[IrCorrection] Persons observed on 1 Jan 2017-2019,12096,[IrCorrection] Non-hemorrhagic stroke,1464450,906276400,40240,2.681074806241251,1.621763514971812,16291,623992,775,12776,4.446,0.560483,0.99876,0.954588,0.979936,68534.8549732998,4.679904057721316,1.9988292514800654,1.745532816476067,0.557059848002705,915031550.1600342,2.7338097862176887,1.1120462712458767,1.6857018677382227,0.5221820157932027
sensPpv,cprd,12100,[IrCorrection] Persons observed on 1 Jan 2017-2019,12095,[IrCorrection] Deep vein thrombosis,4458631,3883375458,9969,0.2196189817008853,0.09376320392865808,4964,3926419,3638,5119,0.256,0.492215,0.999074,0.576959,0.998698,11685.349432666619,0.26208379730609277,0.04246481560520746,1.1933567639569667,0.17677014615255304,3884122910.4427085,0.1098099272671363,0.016046723338478217,1.171140945126915,0.15797844041857192
sensPpv,ims_germany,12100,[IrCorrection] Persons observed on 1 Jan 2017-2019,12095,[IrCorrection] Deep vein thrombosis,9295910,7684226739,17673,0.18358611475369271,0.0840040705363158,13965,1647431,698,33,0.842,0.997643,0.999576,0.952462,0.999979,16872.629714236456,0.1815059495437935,-0.002080165209899204,0.9886692672117929,0.011395414600003094,7683895936.16569,0.0801482723979919,-0.0038557981383239015,0.9540998654742927,0.04698693222183894
fpRate,optum_ehr,12100,[IrCorrection] Persons observed on 1 Jan 2017-2019,12084,[IrCorrection] Anaphylaxis,47646367,38726676735,41866,0.07177672119261475,0.03948584745506953,5250,5712022,1146,2282,0.132,0.697026,0.999799,0.82082599999999994,0.999601,60051.68377363254,0.12603622805833767,0.05425950686572292,1.7559485298877904,0.5630091837855078,38726676735,0.05659887815152047,0.01711303069645094,1.433396566096844,0.36004684893984923
fpRate,optum_ehr,12100,[IrCorrection] Persons observed on 1 Jan 2017-2019,12090,[IrCorrection] Immune thrombocytopenia,47640169,38709252722,34568,0.06712192813589725,0.0326174263571463,3047,5836202,1915,738,0.065,0.804968,0.999672,0.613865,0.999874,42929.236560956466,0.09011142794425533,0.022989499808358085,1.3425035669686483,0.29453620435724,38709252722,0.040479136751311394,0.007861710394165097,1.2410279188824669,0.21594000305439995
fpRate,optum_ehr,12100,[IrCorrection] Persons observed on 1 Jan 2017-2019,12087,[IrCorrection] Guillain Barre Syndrome,47646223,38726954751,3230,0.00659023906260103,0.00304634719560421,533,5762356,106,252,0.014,0.678981,0.999982,0.834116,0.999956,4757.043068951856,0.009984092692828676,0.0033938536302276466,1.5149818690929497,0.4154034712943075,38726954751,0.004483494071070983,0.0014371468754667727,1.4717606967257486,0.38645943693158563
fpRate,optum_ehr,12100,[IrCorrection] Persons observed on 1 Jan 2017-2019,12088,[IrCorrection] Acute myocardial infarction,47632238,38649455296,241305,0.4952402194496929,0.22804112134310375,46049,5685135,5521,28308,1.29,0.619296,0.99903,0.892959,0.995045,389266.0927084948,0.8172324229411493,0.3219922034914564,1.6501737759692694,0.5008806011361112,38649455296,0.3676174030150053,0.13957628167190153,1.6120662837028383,0.47751676216143313
fpRate,optum_ehr,12100,[IrCorrection] Persons observed on 1 Jan 2017-2019,12095,[IrCorrection] Deep vein thrombosis,47606062,38584996074,300819,0.6033622356749441,0.2847587169356673,43877,5788064,8626,8576,0.897,0.836482,0.998512,0.835686,0.998521,359088.87618382706,0.7542923339969332,0.15093009832198911,1.2501484007416424,0.22326226486079173,38584996074,0.33968498935630315,0.05492627242063586,1.1928870624636394,0.17637647179774246
fpRate,optum_ehr,12100,[IrCorrection] Persons observed on 1 Jan 2017-2019,12093,[IrCorrection] Transverse myelitis,47645639,38725401232,4929,0.00963571923130257,0.00464893117366164,521,5244214,279,235,0.014,0.688742,0.999947,0.65,0.999955,7156.1466601426955,0.015019520800513757,0.005383801569211187,1.5587337530260725,0.443873794879086,38725401232,0.006744910182605707,0.0020959790089440673,1.4508518045650503,0.3721508353746143
fpRate,optum_ehr,12100,[IrCorrection] Persons observed on 1 Jan 2017-2019,12083,[IrCorrection] Narcolepsy,47640547,38710788365,29482,0.05698087387619625,0.02781731128404519,2331,5419329,1054,1022,0.062,0.695107,0.999805,0.688331,0.999811,42405.34336440289,0.08901103374065561,0.03203015986445936,1.5621212467546932,0.4460446711672911,38710788365,0.03998355750874168,0.012166246224696486,1.437362407188308,0.3628097723696607
fpRate,optum_ehr,12100,[IrCorrection] Persons observed on 1 Jan 2017-2019,12096,[IrCorrection] Non-hemorrhagic stroke,47634279,38667953634,181728,0.3729730012287999,0.1716567487078931,33786,5778163,1439,25993,1.024,0.565174,0.999751,0.95912,0.995522,321463.38955436734,0.6748572588961981,0.3018842576673982,1.8093997599633427,0.5929951659485817,38667953634,0.30344025519926765,0.13178350649137455,1.7677152659790234,0.5696879025913261
fpRate,optum_ehr,12100,[IrCorrection] Persons observed on 1 Jan 2017-2019,12097,[IrCorrection] Pulmonary embolism,47619758,38640690615,177354,0.3554679971284188,0.1676433507501895,27404,5809836,5584,3978,0.537,0.873235,0.99904,0.830696,0.999316,202904.9913940692,0.4260941254553818,0.07062612832696297,1.1986849136842215,0.18122505058754157,38640690615,0.19166407401136262,0.024020723261173133,1.143284676389982,0.13390541451084986
fpRate,optum_ehr,12100,[IrCorrection] Persons observed on 1 Jan 2017-2019,12089,[IrCorrection] Myocarditis Pericarditis,47644042,38714665422,33357,0.06782170160961574,0.03147035914477132,4626,5708723,1888,1436,0.106,0.763075,0.999669,0.710009,0.999749,43699.4513422665,0.09172070527153531,0.023899003661919563,1.3523798886598735,0.30186592088910913,38714665422,0.04119963214473075,0.009729272999959425,1.309156719667621,0.269383204488313
fpRate,optum_ehr,12100,[IrCorrection] Persons observed on 1 Jan 2017-2019,12086,[IrCorrection] Encephalomyelitis,47646228,38727175012,4925,0.01005745932290799,0.00464494569883449,534,5838989,500,644,0.02,0.452846,0.999914,0.515474,0.99989,10874.726617878925,0.022823898290288427,0.012766438967380438,2.2693502958845855,0.8194935772597748,38727175012,0.010249328060453386,0.005604382361618895,2.206554979324117,0.791432466400553
fpRate,optum_ehr,12100,[IrCorrection] Persons observed on 1 Jan 2017-2019,12092,[IrCorrection] Appendicitis,47642032,38694452190,101407,0.21164714384978373,0.09572149146376116,25371,5813199,1463,2863,0.483,0.898597,0.999749,0.94548,0.999508,112822.04018375312,0.23681198187296698,0.025164838023183256,1.118899965128015,0.11234602866522722,38694452190,0.10642364043523596,0.010702148971474798,1.111805079588908,0.10598489232415802
fpRate,optum_ehr,12100,[IrCorrection] Persons observed on 1 Jan 2017-2019,12094,[IrCorrection] Hemorrhagic stroke,47641443,38709061565,62632,0.13047043936095723,0.05909814672615145,12921,5821743,1650,4876,0.305,0.726006,0.999716,0.886693,0.999163,86244.75901301092,0.18102885551348835,0.05055841615253112,1.3875085912193266,0.3275097584890679,38709061565,0.0813229144986868,0.022224767772535348,1.376065392972817,0.3192282623447273
fpRate,optum_extended_dod,12100,[IrCorrection] Persons observed on 1 Jan 2017-2019,12092,[IrCorrection] Appendicitis,17212133,11845569342,45632,0.2646621426873706,0.14070313987276814,18129,4894598,1237,2081,0.411,0.897026,0.999747,0.936122,0.999575,50857.45017870162,0.29547442015874276,0.030812277471372163,1.1164211744018442,0.11012818918042656,11845569342,0.1567081224995128,0.016004982626744657,1.1137500033134817,0.10773270277794977
fpRate,optum_extended_dod,12100,[IrCorrection] Persons observed on 1 Jan 2017-2019,12093,[IrCorrection] Transverse myelitis,17214076,11861173241,2063,0.01119432724707384,0.00635275056429807,404,4715855,264,102,0.011,0.79802,0.999944,0.603293,0.999979,2585.0034735971535,0.015016800632210253,0.003822473385136414,1.341465217227377,0.2937624622785778,11861173241,0.007954746538913326,0.0016019959746152558,1.2521735991994303,0.22488092057337528
fpRate,optum_extended_dod,12100,[IrCorrection] Persons observed on 1 Jan 2017-2019,12097,[IrCorrection] Pulmonary embolism,17191179,11806951061,105707,0.5923851994095344,0.3270063672706537,33796,4871857,4692,8783,0.866,0.793725,0.999038,0.878092,0.9982,133050.25023276324,0.7739448832029684,0.181559683793434,1.3064892302751747,0.26734356275678195,11806951061,0.41131144767229577,0.08430508040164209,1.2578086815412532,0.22937106526694845
fpRate,optum_extended_dod,12100,[IrCorrection] Persons observed on 1 Jan 2017-2019,12087,[IrCorrection] Guillain Barre Syndrome,17214551,11861666000,2266,0.01286121258695623,0.00697757380792883,420,4745142,158,384,0.017,0.521793,0.999967,0.724913,0.999919,4342.574971300881,0.0252261878413261,0.01236497525436987,1.9614159761973267,0.6736666492459216,11861666000,0.013362708615508324,0.006385134807579494,1.915093839684486,0.6497666238782355
fpRate,optum_extended_dod,12100,[IrCorrection] Persons observed on 1 Jan 2017-2019,12084,[IrCorrection] Anaphylaxis,17214744,11861741601,22576,0.1032428945792049,0.0695166382591308,5483,4907389,1657,4943,0.212,0.525897,0.999663,0.767927,0.998994,42914.09132967102,0.2492868399882741,0.14604394540906923,2.4145665520548594,0.8815197894450121,11861741601,0.13205180033604344,0.06253516207691263,1.8995711478999608,0.6416281490640913
fpRate,optum_extended_dod,12100,[IrCorrection] Persons observed on 1 Jan 2017-2019,12089,[IrCorrection] Myocarditis Pericarditis,17212916,11854134164,20961,0.11922442426373311,0.06458510713714241,3997,4912302,2617,3257,0.147,0.550944,0.999468,0.604173,0.999338,38025.36872713016,0.22091183578151524,0.10168741151778213,1.852907549319275,0.6167560536242715,11854134164,0.11708370593233747,0.052498598795195056,1.812859204270074,0.5949052697775483
fpRate,optum_extended_dod,12100,[IrCorrection] Persons observed on 1 Jan 2017-2019,12088,[IrCorrection] Acute myocardial infarction,17204080,11801437681,198302,1.125546963278478,0.6137371348967936,57040,4809924,5869,38083,1.937,0.599645,0.998781,0.906721,0.992144,330295.874829274,1.9198694427674947,0.7943224794890167,1.7057213118636336,0.5339880780836938,11801437681,1.0215534545149543,0.40781631961816067,1.6644804370306505,0.5095130249032863
fpRate,optum_extended_dod,12100,[IrCorrection] Persons observed on 1 Jan 2017-2019,12094,[IrCorrection] Hemorrhagic stroke,17211507,11845199989,62951,0.36204848302940584,0.19411114013568556,15789,4887025,1687,15173,0.629,0.509948,0.999655,0.903468,0.996905,123403.33113376267,0.7169815585222297,0.3549330754928238,1.980346810247499,0.6832719860589578,11845199989,0.3802571160102966,0.18614597587461104,1.9589659601426956,0.6724167626719246
fpRate,optum_extended_dod,12100,[IrCorrection] Persons observed on 1 Jan 2017-2019,12095,[IrCorrection] Deep vein thrombosis,17177308,11761157978,204519,1.1454530593501613,0.6351463426452753,66009,4821227,7667,15711,1.664,0.807756,0.998412,0.895936,0.996752,252791.96171616178,1.4716622751141317,0.32620921576397044,1.2847861927655382,0.25059231755044986,11761157978,0.7845236514890307,0.14937730884375544,1.2351856553587708,0.2112212870075104
fpRate,optum_extended_dod,12100,[IrCorrection] Persons observed on 1 Jan 2017-2019,12090,[IrCorrection] Immune thrombocytopenia,17208767,11850861575,19082,0.10423175582538832,0.05881176196254743,4090,4778265,2114,902,0.104,0.819111,0.999558,0.659091,0.999811,23285.69114076114,0.1353129549651125,0.03108119913972418,1.298193183963937,0.26097343922903476,11850861575,0.07171864435837709,0.012906882395829662,1.2194609031446642,0.1984088784179406
fpRate,optum_extended_dod,12100,[IrCorrection] Persons observed on 1 Jan 2017-2019,12083,[IrCorrection] Narcolepsy,17209905,11854670229,11330,0.06161568004006994,0.03490845734263065,2200,4881674,1576,820,0.062,0.728477,0.999677,0.582627,0.999832,15547.972564679461,0.09034316322303616,0.028727483182966224,1.4662365677743743,0.38269896000539333,11854670229,0.047871512884645785,0.012963055542015135,1.3713442680889965,0.3157914763439398
fpRate,optum_extended_dod,12100,[IrCorrection] Persons observed on 1 Jan 2017-2019,12096,[IrCorrection] Non-hemorrhagic stroke,17202474,11795615415,207942,1.1732731001366432,0.6438902323266361,51377,4776123,1483,58816,2.254,0.46625,0.99969,0.971945,0.987835,445849.9474101877,2.5917780629122746,1.4185049627756314,2.20901515820181,0.792546786434269,11795615415,1.37962475953374,0.735734527207104,2.1426396771831704,0.7620385629158619
fpRate,truven_ccae,12100,[IrCorrection] Persons observed on 1 Jan 2017-2019,12083,[IrCorrection] Narcolepsy,23476163,15653681143,16153,0.06445261093135195,0.03769006916713839,2878,5434607,1589,846,0.068,0.772825,0.999708,0.64428,0.999844,20895.13579917834,0.08900575361986685,0.024553142688514898,1.3809487673767986,0.32277077553248157,15653681143,0.0487216041838862,0.011031535016747807,1.2926907607366795,0.25672590702197684
fpRate,truven_ccae,12100,[IrCorrection] Persons observed on 1 Jan 2017-2019,12095,[IrCorrection] Deep vein thrombosis,23463515,15615756810,98985,0.4074751800827796,0.2315242974765563,24826,5435017,4382,3203,0.513,0.88569,0.999194,0.849938,0.999411,111670.24364055145,0.4759314349983429,0.06845625491556329,1.1680010421779707,0.15529377668129712,15615756810,0.26101609691244465,0.02949179943588834,1.1273810125214812,0.1198972546940651
fpRate,truven_ccae,12100,[IrCorrection] Persons observed on 1 Jan 2017-2019,12089,[IrCorrection] Myocarditis Pericarditis,23481345,15658056045,15840,0.06591615599532309,0.03694941430387503,3195,5493488,1690,1454,0.085,0.687245,0.999693,0.654043,0.999736,23041.47301180802,0.09812671723790958,0.03221056124258649,1.4886595821041493,0.3978761057399761,15658056045,0.05371125013948005,0.01676183583560502,1.4536428019603855,0.37407268315364633
fpRate,truven_ccae,12100,[IrCorrection] Persons observed on 1 Jan 2017-2019,12084,[IrCorrection] Anaphylaxis,23483188,15663576907,36812,0.1224067192239827,0.08583979942659976,6740,5477802,2282,5660,0.226,0.543468,0.999584,0.746952,0.998968,67707.18093429605,0.28832193028602443,0.1659152110620417,2.355442022414196,0.8567284051484756,15663576907,0.15777444186438572,0.07193464243778595,1.8380103741889111,0.608683668198802
fpRate,truven_ccae,12100,[IrCorrection] Persons observed on 1 Jan 2017-2019,12090,[IrCorrection] Immune thrombocytopenia,23478604,15656702508,12683,0.05065037086532061,0.02958774842680302,1998,5497015,1516,401,0.044,0.832777,0.999724,0.568298,0.999927,15225.563976910984,0.06484867659470292,0.014198305729382313,1.280319876968633,0.24710995059249666,15656702508,0.03549489970019497,0.005907151273391947,1.1996485568344486,0.18202864459473844
fpRate,truven_ccae,12100,[IrCorrection] Persons observed on 1 Jan 2017-2019,12097,[IrCorrection] Pulmonary embolism,23470577,15638723629,49049,0.20155874310205496,0.1145563261747184,12421,5472315,2453,1287,0.25,0.906113,0.999552,0.835081,0.999765,54106.96684409119,0.2305310467829197,0.02897230368086473,1.1437412400721074,0.13430467862491538,15638723629,0.12628295867746667,0.01172663250274826,1.102365647488233,0.09745845922444765
fpRate,truven_ccae,12100,[IrCorrection] Persons observed on 1 Jan 2017-2019,12093,[IrCorrection] Transverse myelitis,23482528,15663372949,2519,0.01022462317515388,0.00587398865490679,497,5408256,285,98,0.011,0.835017,0.999947,0.634271,0.999982,3016.545163751157,0.012845913198745711,0.0026212900235918317,1.256370330591903,0.22822687378389975,15663372949,0.007029386252591694,0.001155397597684904,1.1966972811089365,0.17956549660422572
fpRate,truven_ccae,12100,[IrCorrection] Persons observed on 1 Jan 2017-2019,12096,[IrCorrection] Non-hemorrhagic stroke,23479140,15648432942,47000,0.19686411001425097,0.1097026779846107,10731,5451800,1319,10719,0.392,0.500256,0.999758,0.890456,0.998038,93929.16026994179,0.40005366580693236,0.2031895557926814,2.032131025700787,0.7090850087893774,15648432942,0.21908994738067972,0.10938726939606902,1.997124877948869,0.6917085852521807
fpRate,truven_ccae,12100,[IrCorrection] Persons observed on 1 Jan 2017-2019,12088,[IrCorrection] Acute myocardial infarction,23479482,15645523420,55257,0.23248809322113664,0.12899932273406806,13998,5454870,1593,7723,0.396,0.644429,0.999708,0.897762,0.998586,85720.63789183914,0.3650874320474325,0.13259933882629585,1.5703489455701751,0.45129785298944664,15645523420,0.19998073564304752,0.07098141290897947,1.5502463997838776,0.4384138858996465
fpRate,truven_ccae,12100,[IrCorrection] Persons observed on 1 Jan 2017-2019,12092,[IrCorrection] Appendicitis,23479764,15638682214,70106,0.2981077663301897,0.1637364078993619,23176,5441946,1509,3039,0.479,0.88407,0.999723,0.938829,0.999442,79277.18465506125,0.33764046629711125,0.03953269996692155,1.132612110223034,0.12452656704993444,15638682214,0.1850294801258461,0.021293072226484216,1.130044823259905,0.12225729853923617
fpRate,truven_ccae,12100,[IrCorrection] Persons observed on 1 Jan 2017-2019,12087,[IrCorrection] Guillain Barre Syndrome,23483025,15664242136,1494,0.00624706569958512,0.00348362528657479,331,5272111,79,189,0.01,0.636538,0.999985,0.807317,0.999964,2347.0359821408933,0.009994606666478842,0.003747540966893722,1.599888195051735,0.46993374871148225,15664242136,0.005468940827418694,0.0019853155408439036,1.5698992794933833,0.451011464113385
fpRate,truven_mdcd,12100,[IrCorrection] Persons observed on 1 Jan 2017-2019,12090,[IrCorrection] Immune thrombocytopenia,11806655,8508691084,7116,0.05682388449565097,0.03054663724820686,2175,4625231,1872,1094,0.071,0.665341,0.999595,0.537435,0.999764,10690.935956148802,0.09055008345842919,0.03372619896277822,1.5935215316960505,0.4659463669873227,8508691084,0.045861244525989574,0.015314607277782714,1.5013516595409109,0.4063658087161676
fpRate,truven_mdcd,12100,[IrCorrection] Persons observed on 1 Jan 2017-2019,12084,[IrCorrection] Anaphylaxis,11808408,8512492895,15136,0.10638182556022792,0.06494482953691792,6678,5592731,2210,4895,0.206,0.576996,0.999605,0.751238,0.999126,26222.055750819763,0.2220625824481993,0.11568075688797137,2.0874109019917024,0.735924495151363,8512492895,0.11243534023589002,0.0474905106989721,1.73124390405823,0.5488401698257124
fpRate,truven_mdcd,12100,[IrCorrection] Persons observed on 1 Jan 2017-2019,12083,[IrCorrection] Narcolepsy,11806046,8507682178,7728,0.06146003496852376,0.03317768507266398,2044,5602493,1917,752,0.05,0.731306,0.999658,0.516031,0.999866,10563.781814999467,0.08947772874169276,0.028017693773168997,1.45586849710577,0.3756026277737239,8507682178,0.04532116129638059,0.012143476223716615,1.3660133670302985,0.3118965466280253
fpRate,truven_mdcd,12100,[IrCorrection] Persons observed on 1 Jan 2017-2019,12095,[IrCorrection] Deep vein thrombosis,11796880,8475651967,73896,0.5976495480160856,0.31844764396990016,35743,5553096,4643,13456,0.877,0.726478,0.999165,0.88501,0.997583,101633.21785380975,0.8615262497695132,0.2638767017534276,1.4415241384007964,0.3657009832913915,8475651967,0.43767871381546264,0.11923106984556248,1.3744134148997889,0.3180270327501246
fpRate,truven_mdcd,12100,[IrCorrection] Persons observed on 1 Jan 2017-2019,12096,[IrCorrection] Non-hemorrhagic stroke,11802359,8483444836,80067,0.6494549098192997,0.3447240161909152,33381,5529316,3149,31854,1.165,0.511696,0.999431,0.91377,0.994272,156384.73210070038,1.3250294462378274,0.6755745364185277,2.0402177675529396,0.7130565509593378,8483444836,0.6728449152463569,0.32812089905544173,1.9518364942514528,0.6687707212917147
fpRate,truven_mdcd,12100,[IrCorrection] Persons observed on 1 Jan 2017-2019,12088,[IrCorrection] Acute myocardial infarction,11803596,8488785959,72277,0.590938558046209,0.3109888077930744,36115,5539359,5055,24867,1.088,0.592217,0.999088,0.877192,0.995531,121933.48616469976,1.0330198201014316,0.4420812620552226,1.7481002145415152,0.5585296065633931,8488785959,0.5242884278750067,0.21329962008193232,1.6858755515853083,0.5222850440352617
fpRate,truven_mdcd,12100,[IrCorrection] Persons observed on 1 Jan 2017-2019,12092,[IrCorrection] Appendicitis,11807112,8500888359,32576,0.27524088871182045,0.139966359955816,21606,5572955,1031,8436,0.536,0.719193,0.999815,0.954455,0.998489,45286.83321445009,0.3835555486765103,0.10831465996468986,1.3935267774770783,0.3318377837416626,8500888359,0.19444666751533188,0.054480307559515884,1.389238582590231,0.3287558147458722
fpRate,truven_mdcd,12100,[IrCorrection] Persons observed on 1 Jan 2017-2019,12097,[IrCorrection] Pulmonary embolism,11801314,8490459317,45630,0.3707553243647275,0.1962951222983877,24291,5575261,3476,4891,0.52,0.832391,0.999377,0.874779,0.999124,54783.83657439833,0.4642181080377857,0.09346278367305816,1.2520875022717541,0.22481216022912884,8490459317,0.23551258657606722,0.039217464277679526,1.1997882770518626,0.1821451054372151
fpRate,truven_mdcr,12100,[IrCorrection] Persons observed on 1 Jan 2017-2019,12095,[IrCorrection] Deep vein thrombosis,1459605,902115153,37179,2.4614193566067533,1.5053100155607295,15410,648135,3014,3200,2.779,0.82804,0.99537,0.836355,0.995085,44692.11780831844,3.061932358981947,0.6005130023751937,1.243970212049947,0.2183080487328242,902115153,1.8082639390091515,0.302953923448422,1.2012568310293021,0.18336836788707242
fpRate,truven_mdcr,12100,[IrCorrection] Persons observed on 1 Jan 2017-2019,12088,[IrCorrection] Acute myocardial infarction,1464917,907935033,37794,2.532225375226037,1.5204015704061944,17539,639426,1797,8608,3.918,0.670784,0.997198,0.907065,0.986715,56185.152317288426,3.83538127534109,1.303155900115053,1.5146287186221439,0.4151703387103131,907935033,2.258705727881113,0.7383041574749187,1.4855981287086355,0.395817471435638
fpRate,truven_mdcr,12100,[IrCorrection] Persons observed on 1 Jan 2017-2019,12097,[IrCorrection] Pulmonary embolism,1462484,910068500,18165,1.2032952155374008,0.7290403139983419,9116,504246,666,1609,2.08,0.849977,0.998683,0.931916,0.996819,21343.020687618606,1.4593678076217316,0.25607259208433075,1.2128094492339245,0.1929395271305035,910068500,0.8560017790947375,0.1269614650963956,1.1741487578376693,0.1605434236323899
fpRate,truven_mdcr,12100,[IrCorrection] Persons observed on 1 Jan 2017-2019,12092,[IrCorrection] Appendicitis,1467858,918202843,2625,0.17828700051367366,0.10441932927014472,1892,691460,169,415,0.332,0.820468,0.999756,0.918001,0.9994,3198.612864852743,0.2179102382418969,0.03962323772822324,1.2222441210747967,0.20068861254465478,918202843,0.12714986721852822,0.022730537948383506,1.2176851556820194,0.19695164300075912
fpRate,truven_mdcr,12100,[IrCorrection] Persons observed on 1 Jan 2017-2019,12096,[IrCorrection] Non-hemorrhagic stroke,1464450,906276400,40240,2.681074806241251,1.621763514971812,16291,623992,775,12776,4.446,0.560483,0.99876,0.954588,0.979936,71706.19340818544,4.896458971503667,2.215384165262416,1.8263044955348662,0.6022945237661701,906276400,2.887944626384146,1.266181111412334,1.7807433696239872,0.5770309005078822
fpRate,cprd,12100,[IrCorrection] Persons observed on 1 Jan 2017-2019,12095,[IrCorrection] Deep vein thrombosis,4458631,3883375458,9969,0.2196189817008853,0.09376320392865808,4964,3926419,3638,5119,0.256,0.492215,0.999074,0.576959,0.998698,20234.589977956788,0.4538296615700377,0.23421067986915237,2.0664409699710773,0.7258277893407888,3883375458,0.19018571399629594,0.09642251006763786,2.0283619375997772,0.7072285400218749
fpRate,ims_germany,12100,[IrCorrection] Persons observed on 1 Jan 2017-2019,12095,[IrCorrection] Deep vein thrombosis,9295910,7684226739,17673,0.18358611475369271,0.0840040705363158,13965,1647431,698,33,0.842,0.997643,0.999576,0.952462,0.999979,17707.242618852637,0.1904842303642423,0.006898115610549593,1.0375742774436096,0.03688556327681226,7684226739,0.08410922498003102,1.0515444371522742e-4,1.0012517779560428,0.0012509951352276513
