method,sourceName,targetCohortDefinitionId,targetName,outcomeCohortDefinitionId,outcomeName,outcomes,personYears,incidenceRateP100py,ir,irLowerCi,irUpperCi,ciIntervalWidth,irLowerPredict,irUpperPredict,predictIntervalWidth,seIr,irTau2,irTau,i2,k
uncorrected,optum_ehr,12100,[IrCorrection] Persons observed on 1 Jan 2017-2019,12083,[IrCorrection] Narcolepsy,29482,105984362.39561944,0.02781731128404519,27.817311284045175,27.50158667908864,28.136660480823927,0.6350738017352882,NA,NA,NA,NA,NA,NA,NA,NA
uncorrected,optum_extended_dod,12100,[IrCorrection] Persons observed on 1 Jan 2017-2019,12083,[IrCorrection] Narcolepsy,11330,32456318.21765914,0.03490845734263065,34.90845734263064,34.271556948902436,35.55719385200822,1.2856369031057824,NA,NA,NA,NA,NA,NA,NA,NA
uncorrected,truven_ccae,12100,[IrCorrection] Persons observed on 1 Jan 2017-2019,12083,[IrCorrection] Narcolepsy,16153,42857443.23887748,0.03769006916713839,37.690069167138375,37.113297344097276,38.27580450890889,1.1625071648116148,NA,NA,NA,NA,NA,NA,NA,NA
uncorrected,truven_mdcd,12100,[IrCorrection] Persons observed on 1 Jan 2017-2019,12083,[IrCorrection] Narcolepsy,7728,23292764.34770705,0.03317768507266398,33.17768507266396,32.446161655114004,33.925701242611325,1.479539587497321,NA,NA,NA,NA,NA,NA,NA,NA
uncorrected,optum_ehr,12100,[IrCorrection] Persons observed on 1 Jan 2017-2019,12084,[IrCorrection] Anaphylaxis,41866,106027862.38193019,0.03948584745506953,39.48584745506953,39.10942073783621,39.865897265429126,0.7564765275929162,NA,NA,NA,NA,NA,NA,NA,NA
uncorrected,optum_extended_dod,12100,[IrCorrection] Persons observed on 1 Jan 2017-2019,12084,[IrCorrection] Anaphylaxis,22576,32475678.57905544,0.0695166382591308,69.51663825913079,68.61572314008328,70.42938227124513,1.813659131161856,NA,NA,NA,NA,NA,NA,NA,NA
uncorrected,truven_ccae,12100,[IrCorrection] Persons observed on 1 Jan 2017-2019,12084,[IrCorrection] Anaphylaxis,36812,42884536.364134155,0.08583979942659976,85.83979942659974,84.96737918954035,86.72117741988616,1.753798230345808,NA,NA,NA,NA,NA,NA,NA,NA
uncorrected,truven_mdcd,12100,[IrCorrection] Persons observed on 1 Jan 2017-2019,12084,[IrCorrection] Anaphylaxis,15136,23305935.37303217,0.06494482953691792,64.94482953691792,63.91839244718027,65.98774972422501,2.0693572770447446,NA,NA,NA,NA,NA,NA,NA,NA
uncorrected,optum_ehr,12100,[IrCorrection] Persons observed on 1 Jan 2017-2019,12086,[IrCorrection] Encephalomyelitis,4925,106029226.59000684,0.00464494569883449,4.644945698834495,4.517014883036532,4.776499768939676,0.25948488590314334,NA,NA,NA,NA,NA,NA,NA,NA
uncorrected,optum_ehr,12100,[IrCorrection] Persons observed on 1 Jan 2017-2019,12087,[IrCorrection] Guillain Barre Syndrome,3230,106028623.54825462,0.00304634719560421,3.04634719560421,2.943080770956552,3.1532370187548056,0.21015624779825348,NA,NA,NA,NA,NA,NA,NA,NA
uncorrected,optum_extended_dod,12100,[IrCorrection] Persons observed on 1 Jan 2017-2019,12087,[IrCorrection] Guillain Barre Syndrome,2266,32475471.594798084,0.00697757380792883,6.977573807928838,6.696116496713153,7.270861591042023,0.5747450943288701,NA,NA,NA,NA,NA,NA,NA,NA
uncorrected,truven_ccae,12100,[IrCorrection] Persons observed on 1 Jan 2017-2019,12087,[IrCorrection] Guillain Barre Syndrome,1494,42886357.66187543,0.00348362528657479,3.483625286574799,3.311383014662972,3.6648267758595425,0.3534437611965706,NA,NA,NA,NA,NA,NA,NA,NA
uncorrected,optum_ehr,12100,[IrCorrection] Persons observed on 1 Jan 2017-2019,12088,[IrCorrection] Acute myocardial infarction,241305,105816441.60438056,0.22804112134310375,228.04112134310367,227.13306669680682,228.95280629850814,1.8197396017013148,NA,NA,NA,NA,NA,NA,NA,NA
uncorrected,optum_extended_dod,12100,[IrCorrection] Persons observed on 1 Jan 2017-2019,12088,[IrCorrection] Acute myocardial infarction,198302,32310575.44421629,0.6137371348967936,613.7371348967938,611.0418073000149,616.4443516814599,5.402544381445068,NA,NA,NA,NA,NA,NA,NA,NA
uncorrected,truven_ccae,12100,[IrCorrection] Persons observed on 1 Jan 2017-2019,12088,[IrCorrection] Acute myocardial infarction,55257,42835108.610540725,0.12899932273406806,128.99932273406807,127.92821640559838,130.07939712915453,2.151180723556152,NA,NA,NA,NA,NA,NA,NA,NA
uncorrected,truven_mdcd,12100,[IrCorrection] Persons observed on 1 Jan 2017-2019,12088,[IrCorrection] Acute myocardial infarction,72277,23241029.31964408,0.3109888077930744,310.9888077930745,308.72983669172766,313.2643077485528,4.5344710568251685,NA,NA,NA,NA,NA,NA,NA,NA
uncorrected,truven_mdcr,12100,[IrCorrection] Persons observed on 1 Jan 2017-2019,12088,[IrCorrection] Acute myocardial infarction,37794,2485790.6447638604,1.5204015704061944,1520.4015704061942,1505.1502451711476,1535.8074336497698,30.657188478622174,NA,NA,NA,NA,NA,NA,NA,NA
uncorrected,optum_ehr,12100,[IrCorrection] Persons observed on 1 Jan 2017-2019,12089,[IrCorrection] Myocarditis Pericarditis,33357,105994977.19917865,0.03147035914477132,31.47035914477133,31.134445150288908,31.809897363521905,0.6754522132329974,NA,NA,NA,NA,NA,NA,NA,NA
uncorrected,optum_extended_dod,12100,[IrCorrection] Persons observed on 1 Jan 2017-2019,12089,[IrCorrection] Myocarditis Pericarditis,20961,32454850.551676933,0.06458510713714241,64.58510713714242,63.71667049909601,65.46538027242563,1.7487097733296224,NA,NA,NA,NA,NA,NA,NA,NA
uncorrected,truven_ccae,12100,[IrCorrection] Persons observed on 1 Jan 2017-2019,12089,[IrCorrection] Myocarditis Pericarditis,15840,42869421.06776181,0.03694941430387503,36.94941430387503,36.37846068576781,37.52932893979017,1.150868254022356,NA,NA,NA,NA,NA,NA,NA,NA
uncorrected,optum_ehr,12100,[IrCorrection] Persons observed on 1 Jan 2017-2019,12090,[IrCorrection] Immune thrombocytopenia,34568,105980158.03422314,0.0326174263571463,32.61742635714628,32.27538898344194,32.96308846067404,0.6876994772320941,NA,NA,NA,NA,NA,NA,NA,NA
uncorrected,optum_extended_dod,12100,[IrCorrection] Persons observed on 1 Jan 2017-2019,12090,[IrCorrection] Immune thrombocytopenia,19082,32445890.691307325,0.05881176196254743,58.81176196254743,57.98320382370627,59.652159885052974,1.6689560613467052,NA,NA,NA,NA,NA,NA,NA,NA
uncorrected,truven_ccae,12100,[IrCorrection] Persons observed on 1 Jan 2017-2019,12090,[IrCorrection] Immune thrombocytopenia,12683,42865715.28542095,0.02958774842680302,29.587748426803017,29.077272381994156,30.107186309190745,1.0299139271965885,NA,NA,NA,NA,NA,NA,NA,NA
uncorrected,truven_mdcd,12100,[IrCorrection] Persons observed on 1 Jan 2017-2019,12090,[IrCorrection] Immune thrombocytopenia,7116,23295526.581793293,0.03054663724820686,30.54663724820683,29.845088220358214,31.26467713159729,1.4195889112390745,NA,NA,NA,NA,NA,NA,NA,NA
uncorrected,optum_ehr,12100,[IrCorrection] Persons observed on 1 Jan 2017-2019,12092,[IrCorrection] Appendicitis,101407,105939636.38603696,0.09572149146376116,95.72149146376123,95.1341539134007,96.31245510826223,1.1783011948615325,NA,NA,NA,NA,NA,NA,NA,NA
uncorrected,optum_extended_dod,12100,[IrCorrection] Persons observed on 1 Jan 2017-2019,12092,[IrCorrection] Appendicitis,45632,32431401.347022586,0.14070313987276814,140.70313987276813,139.41807133103808,142.00005337219397,2.5819820411558965,NA,NA,NA,NA,NA,NA,NA,NA
uncorrected,truven_ccae,12100,[IrCorrection] Persons observed on 1 Jan 2017-2019,12092,[IrCorrection] Appendicitis,70106,42816378.409308694,0.1637364078993619,163.7364078993619,162.5288461618108,164.95294161563817,2.4240954538273627,NA,NA,NA,NA,NA,NA,NA,NA
uncorrected,truven_mdcd,12100,[IrCorrection] Persons observed on 1 Jan 2017-2019,12092,[IrCorrection] Appendicitis,32576,23274163.88501027,0.139966359955816,139.96635995581602,138.45465525985745,141.49457006348132,3.039914803623873,NA,NA,NA,NA,NA,NA,NA,NA
uncorrected,truven_mdcr,12100,[IrCorrection] Persons observed on 1 Jan 2017-2019,12092,[IrCorrection] Appendicitis,2625,2513902.3764544833,0.10441932927014472,104.41932927014471,100.50025096568977,108.49123480248083,7.9909838367910595,NA,NA,NA,NA,NA,NA,NA,NA
uncorrected,optum_ehr,12100,[IrCorrection] Persons observed on 1 Jan 2017-2019,12093,[IrCorrection] Transverse myelitis,4929,106024370.24503765,0.00464893117366164,4.648931173661648,4.520941832706557,4.780543934692532,0.25960210198597533,NA,NA,NA,NA,NA,NA,NA,NA
uncorrected,optum_extended_dod,12100,[IrCorrection] Persons observed on 1 Jan 2017-2019,12093,[IrCorrection] Transverse myelitis,2063,32474122.49418207,0.00635275056429807,6.352750564298075,6.0844486999446525,6.632883556493232,0.548434856548579,NA,NA,NA,NA,NA,NA,NA,NA
uncorrected,truven_ccae,12100,[IrCorrection] Persons observed on 1 Jan 2017-2019,12093,[IrCorrection] Transverse myelitis,2519,42883977.95756331,0.00587398865490679,5.873988654906793,5.649023708227467,6.107912534996279,0.4588888267688125,NA,NA,NA,NA,NA,NA,NA,NA
uncorrected,optum_ehr,12100,[IrCorrection] Persons observed on 1 Jan 2017-2019,12094,[IrCorrection] Hemorrhagic stroke,62632,105979634.67488022,0.05909814672615145,59.09814672615146,58.637121898013156,59.5627962869724,0.9256743889592443,NA,NA,NA,NA,NA,NA,NA,NA
uncorrected,optum_extended_dod,12100,[IrCorrection] Persons observed on 1 Jan 2017-2019,12094,[IrCorrection] Hemorrhagic stroke,62951,32430390.113620806,0.19411114013568556,194.11114013568562,192.6007051197703,195.63342045578025,3.032715336009943,NA,NA,NA,NA,NA,NA,NA,NA
uncorrected,optum_ehr,12100,[IrCorrection] Persons observed on 1 Jan 2017-2019,12095,[IrCorrection] Deep vein thrombosis,300819,105639961.87268993,0.2847587169356673,284.7587169356674,283.7429437614462,285.7781264827541,2.0351827213078764,NA,NA,NA,NA,NA,NA,NA,NA
uncorrected,optum_extended_dod,12100,[IrCorrection] Persons observed on 1 Jan 2017-2019,12095,[IrCorrection] Deep vein thrombosis,204519,32200295.62765229,0.6351463426452753,635.1463426452752,632.39962319619,637.9049919998432,5.505368803653255,NA,NA,NA,NA,NA,NA,NA,NA
uncorrected,truven_ccae,12100,[IrCorrection] Persons observed on 1 Jan 2017-2019,12095,[IrCorrection] Deep vein thrombosis,98985,42753612.07392197,0.2315242974765563,231.52429747655643,230.08646620757003,232.971113884009,2.8846476764389593,NA,NA,NA,NA,NA,NA,NA,NA
uncorrected,truven_mdcd,12100,[IrCorrection] Persons observed on 1 Jan 2017-2019,12095,[IrCorrection] Deep vein thrombosis,73896,23205070.409308694,0.31844764396990016,318.4476439699,316.1598813147695,320.7519610909054,4.592079776135904,NA,NA,NA,NA,NA,NA,NA,NA
uncorrected,truven_mdcr,12100,[IrCorrection] Persons observed on 1 Jan 2017-2019,12095,[IrCorrection] Deep vein thrombosis,37179,2469856.681724846,1.5053100155607295,1505.3100155607306,1490.0863302025525,1520.689235931335,30.60290572878239,NA,NA,NA,NA,NA,NA,NA,NA
uncorrected,cprd,12100,[IrCorrection] Persons observed on 1 Jan 2017-2019,12095,[IrCorrection] Deep vein thrombosis,9969,10632102.554414785,0.09376320392865808,93.76320392865804,91.94057153377767,95.62196823778966,3.6813967040119877,NA,NA,NA,NA,NA,NA,NA,NA
uncorrected,ims_germany,12100,[IrCorrection] Persons observed on 1 Jan 2017-2019,12095,[IrCorrection] Deep vein thrombosis,17673,21038266.22587269,0.0840040705363158,84.0040705363158,82.77466330719969,85.25173748494768,2.477074177747994,NA,NA,NA,NA,NA,NA,NA,NA
uncorrected,optum_ehr,12100,[IrCorrection] Persons observed on 1 Jan 2017-2019,12096,[IrCorrection] Non-hemorrhagic stroke,181728,105867087.2936345,0.1716567487078931,171.65674870789303,170.86934027331208,172.44778571645838,1.5784454431463075,NA,NA,NA,NA,NA,NA,NA,NA
uncorrected,optum_extended_dod,12100,[IrCorrection] Persons observed on 1 Jan 2017-2019,12096,[IrCorrection] Non-hemorrhagic stroke,207942,32294634.9486653,0.6438902323266361,643.890232326636,641.1286637495581,646.6636959591641,5.535032209606015,NA,NA,NA,NA,NA,NA,NA,NA
uncorrected,truven_ccae,12100,[IrCorrection] Persons observed on 1 Jan 2017-2019,12096,[IrCorrection] Non-hemorrhagic stroke,47000,42843074.4476386,0.1097026779846107,109.70267798461065,108.71536529138189,110.69895708614422,1.983591794762333,NA,NA,NA,NA,NA,NA,NA,NA
uncorrected,truven_mdcd,12100,[IrCorrection] Persons observed on 1 Jan 2017-2019,12096,[IrCorrection] Non-hemorrhagic stroke,80067,23226406.12183436,0.3447240161909152,344.72401619091534,342.3444947324991,347.1200769027977,4.775582170298605,NA,NA,NA,NA,NA,NA,NA,NA
uncorrected,truven_mdcr,12100,[IrCorrection] Persons observed on 1 Jan 2017-2019,12096,[IrCorrection] Non-hemorrhagic stroke,40240,2481249.555099247,1.621763514971812,1621.7635149718121,1605.9951483168893,1637.6867023852062,31.69155406831692,NA,NA,NA,NA,NA,NA,NA,NA
uncorrected,optum_ehr,12100,[IrCorrection] Persons observed on 1 Jan 2017-2019,12097,[IrCorrection] Pulmonary embolism,177354,105792445.21560575,0.1676433507501895,167.64335075018948,166.86494915802052,168.42538347664845,1.5604343186279266,NA,NA,NA,NA,NA,NA,NA,NA
uncorrected,optum_extended_dod,12100,[IrCorrection] Persons observed on 1 Jan 2017-2019,12097,[IrCorrection] Pulmonary embolism,105707,32325670.25598905,0.3270063672706537,327.0063672706536,325.04099849921164,328.98361969500576,3.9426211957941177,NA,NA,NA,NA,NA,NA,NA,NA
uncorrected,truven_ccae,12100,[IrCorrection] Persons observed on 1 Jan 2017-2019,12097,[IrCorrection] Pulmonary embolism,49049,42816491.797399044,0.1145563261747184,114.55632617471841,113.54699938818855,115.57462493380143,2.027625545612878,NA,NA,NA,NA,NA,NA,NA,NA
uncorrected,truven_mdcd,12100,[IrCorrection] Persons observed on 1 Jan 2017-2019,12097,[IrCorrection] Pulmonary embolism,45630,23245610.72416153,0.1962951222983877,196.29512229838775,194.50228249661947,198.10448773941096,3.6022052427914844,NA,NA,NA,NA,NA,NA,NA,NA
uncorrected,truven_mdcr,12100,[IrCorrection] Persons observed on 1 Jan 2017-2019,12097,[IrCorrection] Pulmonary embolism,18165,2491631.7590691308,0.7290403139983419,729.0403139983417,718.5151720816783,739.7196330523437,21.204460970665423,NA,NA,NA,NA,NA,NA,NA,NA
fpRate,optum_ehr,12100,[IrCorrection] Persons observed on 1 Jan 2017-2019,12083,[IrCorrection] Narcolepsy,42405.34336440289,105984362.39561944,0.03998355750874168,40.01094350703533,39.631932815589586,40.39357877830913,0.7616459627195411,NA,NA,NA,NA,NA,NA,NA,NA
fpRate,optum_extended_dod,12100,[IrCorrection] Persons observed on 1 Jan 2017-2019,12083,[IrCorrection] Narcolepsy,15547.97256467946,32456318.21765914,0.04787151288464578,47.90430159210103,47.15720464417753,48.663234564950265,1.5060299207727326,NA,NA,NA,NA,NA,NA,NA,NA
fpRate,truven_ccae,12100,[IrCorrection] Persons observed on 1 Jan 2017-2019,12083,[IrCorrection] Narcolepsy,20895.13579917834,42857443.23887748,0.0487216041838862,48.754975145655976,48.09837122225945,49.42054254746691,1.3221713252074565,NA,NA,NA,NA,NA,NA,NA,NA
fpRate,truven_mdcd,12100,[IrCorrection] Persons observed on 1 Jan 2017-2019,12083,[IrCorrection] Narcolepsy,10563.781814999467,23292764.34770705,0.04532116129638059,45.35220318767947,44.49555506147672,46.22534388288406,1.7297888214073396,NA,NA,NA,NA,NA,NA,NA,NA
fpRate,optum_ehr,12100,[IrCorrection] Persons observed on 1 Jan 2017-2019,12084,[IrCorrection] Anaphylaxis,60051.68377363254,106027862.38193019,0.05659887815152047,56.63764450641876,56.186459065328705,57.09245303224555,0.9059939669168457,NA,NA,NA,NA,NA,NA,NA,NA
fpRate,optum_extended_dod,12100,[IrCorrection] Persons observed on 1 Jan 2017-2019,12084,[IrCorrection] Anaphylaxis,42914.09132967102,32475678.57905544,0.13205180033604344,132.1422467746298,130.89791281299196,133.3984095498431,2.5004967368511473,NA,NA,NA,NA,NA,NA,NA,NA
fpRate,truven_ccae,12100,[IrCorrection] Persons observed on 1 Jan 2017-2019,12084,[IrCorrection] Anaphylaxis,67707.18093429605,42884536.364134155,0.15777444186438572,157.88250655059417,156.69774722855084,159.07622359331944,2.378476364768602,NA,NA,NA,NA,NA,NA,NA,NA
fpRate,truven_mdcd,12100,[IrCorrection] Persons observed on 1 Jan 2017-2019,12084,[IrCorrection] Anaphylaxis,26222.055750819763,23305935.37303217,0.11243534023589002,112.51235074290085,111.15875397705481,113.88243045893263,2.723676481877817,NA,NA,NA,NA,NA,NA,NA,NA
fpRate,optum_ehr,12100,[IrCorrection] Persons observed on 1 Jan 2017-2019,12086,[IrCorrection] Encephalomyelitis,10874.726617878923,106029226.59000684,0.01024932806045338,10.256348148166028,10.065381813138462,10.450937608653799,0.38555579551533725,NA,NA,NA,NA,NA,NA,NA,NA
fpRate,optum_ehr,12100,[IrCorrection] Persons observed on 1 Jan 2017-2019,12087,[IrCorrection] Guillain Barre Syndrome,4757.043068951856,106028623.54825462,0.00448349407107098,4.4865649574210344,4.360864334471176,4.615888863600568,0.25502452912939155,NA,NA,NA,NA,NA,NA,NA,NA
fpRate,optum_extended_dod,12100,[IrCorrection] Persons observed on 1 Jan 2017-2019,12087,[IrCorrection] Guillain Barre Syndrome,4342.574971300881,32475471.594798084,0.01336270861550832,13.371861155655928,12.98000755856059,13.775544425489421,0.7955368669288312,NA,NA,NA,NA,NA,NA,NA,NA
fpRate,truven_ccae,12100,[IrCorrection] Persons observed on 1 Jan 2017-2019,12087,[IrCorrection] Guillain Barre Syndrome,2347.0359821408933,42886357.66187543,0.00546894082741869,5.4726866773004845,5.255699833206538,5.698632041097624,0.44293220789108556,NA,NA,NA,NA,NA,NA,NA,NA
fpRate,optum_ehr,12100,[IrCorrection] Persons observed on 1 Jan 2017-2019,12088,[IrCorrection] Acute myocardial infarction,389266.0927084948,105816441.60438056,0.3676174030150053,367.8691957567963,366.7153805572878,369.0266412635817,2.311260706293922,NA,NA,NA,NA,NA,NA,NA,NA
fpRate,optum_extended_dod,12100,[IrCorrection] Persons observed on 1 Jan 2017-2019,12088,[IrCorrection] Acute myocardial infarction,330295.874829274,32310575.44421629,1.0215534545149545,1022.2531486618822,1018.7728650250473,1025.745321478934,6.972456453886821,NA,NA,NA,NA,NA,NA,NA,NA
fpRate,truven_ccae,12100,[IrCorrection] Persons observed on 1 Jan 2017-2019,12088,[IrCorrection] Acute myocardial infarction,85720.63789183914,42835108.610540725,0.19998073564304752,200.11770874965242,198.7825341027272,201.46185144473057,2.6793173420033725,NA,NA,NA,NA,NA,NA,NA,NA
fpRate,truven_mdcd,12100,[IrCorrection] Persons observed on 1 Jan 2017-2019,12088,[IrCorrection] Acute myocardial infarction,121933.48616469976,23241029.31964408,0.5242884278750067,524.6475295379346,521.7109891780883,527.6005987220992,5.889609544010909,NA,NA,NA,NA,NA,NA,NA,NA
fpRate,truven_mdcr,12100,[IrCorrection] Persons observed on 1 Jan 2017-2019,12088,[IrCorrection] Acute myocardial infarction,56185.152317288426,2485790.6447638604,2.258705727881113,2260.25278659884,2241.6404870031915,2279.019623774554,37.37913677136248,NA,NA,NA,NA,NA,NA,NA,NA
fpRate,optum_ehr,12100,[IrCorrection] Persons observed on 1 Jan 2017-2019,12089,[IrCorrection] Myocarditis Pericarditis,43699.4513422665,105994977.19917865,0.04119963214473075,41.22785107085728,40.843111859210005,41.61621449854101,0.7731026393310074,NA,NA,NA,NA,NA,NA,NA,NA
fpRate,optum_extended_dod,12100,[IrCorrection] Persons observed on 1 Jan 2017-2019,12089,[IrCorrection] Myocarditis Pericarditis,38025.36872713016,32454850.551676933,0.11708370593233748,117.16390025146914,115.99217857307612,118.34745834597665,2.3552797729005306,NA,NA,NA,NA,NA,NA,NA,NA
fpRate,truven_ccae,12100,[IrCorrection] Persons observed on 1 Jan 2017-2019,12089,[IrCorrection] Myocarditis Pericarditis,23041.47301180802,42869421.06776181,0.05371125013948005,53.74803866697286,53.0585060611432,54.44653223400927,1.3880261728660699,NA,NA,NA,NA,NA,NA,NA,NA
fpRate,optum_ehr,12100,[IrCorrection] Persons observed on 1 Jan 2017-2019,12090,[IrCorrection] Immune thrombocytopenia,42929.236560956466,105980158.03422314,0.04047913675131139,40.506862187442415,40.125491236228164,40.89185786194226,0.7663666257140989,NA,NA,NA,NA,NA,NA,NA,NA
fpRate,optum_extended_dod,12100,[IrCorrection] Persons observed on 1 Jan 2017-2019,12090,[IrCorrection] Immune thrombocytopenia,23285.69114076114,32445890.691307325,0.07171864435837709,71.76776671752668,70.8518691997862,72.6955039830745,1.8436347832883087,NA,NA,NA,NA,NA,NA,NA,NA
fpRate,truven_ccae,12100,[IrCorrection] Persons observed on 1 Jan 2017-2019,12090,[IrCorrection] Immune thrombocytopenia,15225.563976910984,42865715.28542095,0.03549489970019497,35.51921127533209,34.95947932606991,36.08790502439977,1.1284256983298562,NA,NA,NA,NA,NA,NA,NA,NA
fpRate,truven_mdcd,12100,[IrCorrection] Persons observed on 1 Jan 2017-2019,12090,[IrCorrection] Immune thrombocytopenia,10690.935956148802,23295526.581793293,0.04586124452598957,45.89265633730876,45.03092131558454,46.77088196650826,1.7399606509237202,NA,NA,NA,NA,NA,NA,NA,NA
fpRate,optum_ehr,12100,[IrCorrection] Persons observed on 1 Jan 2017-2019,12092,[IrCorrection] Appendicitis,112822.04018375312,105939636.38603696,0.10642364043523596,106.49653333964363,105.87692091246947,107.11977185980008,1.2428509473306093,NA,NA,NA,NA,NA,NA,NA,NA
fpRate,optum_extended_dod,12100,[IrCorrection] Persons observed on 1 Jan 2017-2019,12092,[IrCorrection] Appendicitis,50857.45017870162,32431401.347022586,0.1567081224995128,156.81545682999194,155.45847571699088,158.184282892151,2.725807175160128,NA,NA,NA,NA,NA,NA,NA,NA
fpRate,truven_ccae,12100,[IrCorrection] Persons observed on 1 Jan 2017-2019,12092,[IrCorrection] Appendicitis,79277.18465506125,42816378.409308694,0.1850294801258461,185.15621264648027,183.8718088603535,186.44958840659288,2.577779546239384,NA,NA,NA,NA,NA,NA,NA,NA
fpRate,truven_mdcd,12100,[IrCorrection] Persons observed on 1 Jan 2017-2019,12092,[IrCorrection] Appendicitis,45286.83321445009,23274163.88501027,0.19444666751533188,194.57985016431493,192.79598683959568,196.38021885521653,3.5842320156208416,NA,NA,NA,NA,NA,NA,NA,NA
fpRate,truven_mdcr,12100,[IrCorrection] Persons observed on 1 Jan 2017-2019,12092,[IrCorrection] Appendicitis,3198.612864852743,2513902.3764544833,0.12714986721852822,127.23695616867785,122.90307505639898,131.72366116666296,8.820586110263989,NA,NA,NA,NA,NA,NA,NA,NA
fpRate,optum_ehr,12100,[IrCorrection] Persons observed on 1 Jan 2017-2019,12093,[IrCorrection] Transverse myelitis,7156.1466601426955,106024370.24503765,0.0067449101826057,6.749529984100637,6.5949473792148785,6.907735935824397,0.31278855660951876,NA,NA,NA,NA,NA,NA,NA,NA
fpRate,optum_extended_dod,12100,[IrCorrection] Persons observed on 1 Jan 2017-2019,12093,[IrCorrection] Transverse myelitis,2585.0034735971535,32474122.49418207,0.00795474653891332,7.960194995446829,7.6591736942070625,8.273047053817566,0.613873359610503,NA,NA,NA,NA,NA,NA,NA,NA
fpRate,truven_ccae,12100,[IrCorrection] Persons observed on 1 Jan 2017-2019,12093,[IrCorrection] Transverse myelitis,3016.545163751157,42883977.95756331,0.00702938625259169,7.034200900709903,6.787607213726404,7.289753333322813,0.502146119596409,NA,NA,NA,NA,NA,NA,NA,NA
fpRate,optum_ehr,12100,[IrCorrection] Persons observed on 1 Jan 2017-2019,12094,[IrCorrection] Hemorrhagic stroke,86244.75901301092,105979634.67488022,0.0813229144986868,81.37861512505577,80.8373081669849,81.92354681073694,1.08623864375204,NA,NA,NA,NA,NA,NA,NA,NA
fpRate,optum_extended_dod,12100,[IrCorrection] Persons observed on 1 Jan 2017-2019,12094,[IrCorrection] Hemorrhagic stroke,123403.33113376268,32430390.113620806,0.3802571160102966,380.5175660897559,378.4004319296552,382.64654552452777,4.246113594872554,NA,NA,NA,NA,NA,NA,NA,NA
fpRate,optum_ehr,12100,[IrCorrection] Persons observed on 1 Jan 2017-2019,12095,[IrCorrection] Deep vein thrombosis,359088.87618382706,105639961.87268993,0.33968498935630315,339.9176503079169,338.8076814584791,341.03125552959233,2.2235740711132053,NA,NA,NA,NA,NA,NA,NA,NA
fpRate,optum_extended_dod,12100,[IrCorrection] Persons observed on 1 Jan 2017-2019,12095,[IrCorrection] Deep vein thrombosis,252791.96171616175,32200295.62765229,0.7845236514890307,785.0609964558039,782.0066123634216,788.1273104501031,6.1206980866815,NA,NA,NA,NA,NA,NA,NA,NA
fpRate,truven_ccae,12100,[IrCorrection] Persons observed on 1 Jan 2017-2019,12095,[IrCorrection] Deep vein thrombosis,111670.24364055145,42753612.07392197,0.26101609691244465,261.1948750610149,259.6674108928919,262.7313243643032,3.063913471411297,NA,NA,NA,NA,NA,NA,NA,NA
fpRate,truven_mdcd,12100,[IrCorrection] Persons observed on 1 Jan 2017-2019,12095,[IrCorrection] Deep vein thrombosis,101633.21785380977,23205070.409308694,0.43767871381546264,437.97849375643216,435.2940845943745,440.67945736479265,5.385372770418144,NA,NA,NA,NA,NA,NA,NA,NA
fpRate,truven_mdcr,12100,[IrCorrection] Persons observed on 1 Jan 2017-2019,12095,[IrCorrection] Deep vein thrombosis,44692.11780831844,2469856.681724846,1.8082639390091515,1809.5024759536782,1792.803872152177,1826.3566145424757,33.55274239029859,NA,NA,NA,NA,NA,NA,NA,NA
fpRate,cprd,12100,[IrCorrection] Persons observed on 1 Jan 2017-2019,12095,[IrCorrection] Deep vein thrombosis,20234.589977956788,10632102.554414785,0.1901857139962959,190.3159781839646,187.71169853238058,192.95638916117557,5.244690628794984,NA,NA,NA,NA,NA,NA,NA,NA
fpRate,ims_germany,12100,[IrCorrection] Persons observed on 1 Jan 2017-2019,12095,[IrCorrection] Deep vein thrombosis,17707.242618852637,21038266.22587269,0.08410922498003102,84.1668340382365,82.93622760209823,85.41570019325096,2.479472591152728,NA,NA,NA,NA,NA,NA,NA,NA
fpRate,optum_ehr,12100,[IrCorrection] Persons observed on 1 Jan 2017-2019,12096,[IrCorrection] Non-hemorrhagic stroke,321463.38955436734,105867087.2936345,0.30344025519926765,303.64809099049995,302.6002329408747,304.69957761133116,2.0993446704564462,NA,NA,NA,NA,NA,NA,NA,NA
fpRate,optum_extended_dod,12100,[IrCorrection] Persons observed on 1 Jan 2017-2019,12096,[IrCorrection] Non-hemorrhagic stroke,445849.9474101877,32294634.9486653,1.37962475953374,1380.5697079991742,1376.5232519004405,1384.6280591435864,8.104807243145842,NA,NA,NA,NA,NA,NA,NA,NA
fpRate,truven_ccae,12100,[IrCorrection] Persons observed on 1 Jan 2017-2019,12096,[IrCorrection] Non-hemorrhagic stroke,93929.1602699418,42843074.4476386,0.21908994738067972,219.24000898847473,217.8424191240739,220.6465652306679,2.804146106594004,NA,NA,NA,NA,NA,NA,NA,NA
fpRate,truven_mdcd,12100,[IrCorrection] Persons observed on 1 Jan 2017-2019,12096,[IrCorrection] Non-hemorrhagic stroke,156384.73210070038,23226406.12183436,0.6728449152463569,673.3057679280323,669.9769697517374,676.6511053255226,6.674135573785179,NA,NA,NA,NA,NA,NA,NA,NA
fpRate,truven_mdcr,12100,[IrCorrection] Persons observed on 1 Jan 2017-2019,12096,[IrCorrection] Non-hemorrhagic stroke,71706.19340818544,2481249.555099247,2.887944626384146,2889.9226706487925,2868.8476707249,2911.152490790686,42.30482006578586,NA,NA,NA,NA,NA,NA,NA,NA
fpRate,optum_ehr,12100,[IrCorrection] Persons observed on 1 Jan 2017-2019,12097,[IrCorrection] Pulmonary embolism,202904.9913940692,105792445.21560575,0.19166407401136265,191.79535077438413,190.96263784378925,192.63169483844374,1.6690569946544827,NA,NA,NA,NA,NA,NA,NA,NA
fpRate,optum_extended_dod,12100,[IrCorrection] Persons observed on 1 Jan 2017-2019,12097,[IrCorrection] Pulmonary embolism,133050.25023276324,32325670.25598905,0.41131144767229577,411.5931678419343,409.38748975883465,413.81072957054823,4.423239811713586,NA,NA,NA,NA,NA,NA,NA,NA
fpRate,truven_ccae,12100,[IrCorrection] Persons observed on 1 Jan 2017-2019,12097,[IrCorrection] Pulmonary embolism,54106.96684409119,42816491.797399044,0.12628295867746667,126.369453854643,125.30913811773807,127.43874155862723,2.1296034408891558,NA,NA,NA,NA,NA,NA,NA,NA
fpRate,truven_mdcd,12100,[IrCorrection] Persons observed on 1 Jan 2017-2019,12097,[IrCorrection] Pulmonary embolism,54783.83657439833,23245610.72416153,0.2355125865760672,235.67389656687274,233.70865348499473,237.65566526863384,3.9470117836391125,NA,NA,NA,NA,NA,NA,NA,NA
fpRate,truven_mdcr,12100,[IrCorrection] Persons observed on 1 Jan 2017-2019,12097,[IrCorrection] Pulmonary embolism,21343.02068761861,2491631.7590691308,0.8560017790947375,856.5880816831586,845.1729163813114,868.15742371777,22.98450733645859,NA,NA,NA,NA,NA,NA,NA,NA
ppvNpv,optum_ehr,12100,[IrCorrection] Persons observed on 1 Jan 2017-2019,12083,[IrCorrection] Narcolepsy,29291.86582699975,105984150.90299012,0.02761905095066073,27.637968108846124,27.32326841096639,27.95629240603646,0.6330239950700722,NA,NA,NA,NA,NA,NA,NA,NA
ppvNpv,optum_extended_dod,12100,[IrCorrection] Persons observed on 1 Jan 2017-2019,12083,[IrCorrection] Narcolepsy,9490.524509999072,32454583.67578174,0.02922246267197149,29.242478057363268,28.66003197349891,29.836760954282227,1.1767289807833166,NA,NA,NA,NA,NA,NA,NA,NA
ppvNpv,truven_ccae,12100,[IrCorrection] Persons observed on 1 Jan 2017-2019,12083,[IrCorrection] Narcolepsy,14066.816400001057,42855538.99892091,0.03280133331018591,32.82379997683672,32.28583308280158,33.370730814231635,1.084897731430054,NA,NA,NA,NA,NA,NA,NA,NA
ppvNpv,truven_mdcd,12100,[IrCorrection] Persons observed on 1 Jan 2017-2019,12083,[IrCorrection] Narcolepsy,5568.862179999616,23290634.409858447,0.02389394124540596,23.910306958587757,23.29049595422068,24.54661248852825,1.2561165343075693,NA,NA,NA,NA,NA,NA,NA,NA
ppvNpv,optum_ehr,12100,[IrCorrection] Persons observed on 1 Jan 2017-2019,12084,[IrCorrection] Anaphylaxis,53358.897215001816,106040650.00248772,0.05028484363219739,50.319285305918086,49.89413942926857,50.748053832812694,0.853914403544124,NA,NA,NA,NA,NA,NA,NA,NA
ppvNpv,optum_extended_dod,12100,[IrCorrection] Persons observed on 1 Jan 2017-2019,12084,[IrCorrection] Anaphylaxis,34632.04095999917,32487050.46210967,0.10652963604748612,106.60260155162821,105.4857592031843,107.73126859414174,2.2455093909574373,NA,NA,NA,NA,NA,NA,NA,NA
ppvNpv,truven_ccae,12100,[IrCorrection] Persons observed on 1 Jan 2017-2019,12084,[IrCorrection] Anaphylaxis,51693.45705600077,42898124.476324655,0.12042035740161114,120.50283709846154,119.46851212504961,121.54611696828584,2.07760484323623,NA,NA,NA,NA,NA,NA,NA,NA
ppvNpv,truven_mdcd,12100,[IrCorrection] Persons observed on 1 Jan 2017-2019,12084,[IrCorrection] Anaphylaxis,21678.058096000488,23312391.314560954,0.09292577488764184,92.98942267866077,91.75976554660208,94.23555823842048,2.4757926918183983,NA,NA,NA,NA,NA,NA,NA,NA
ppvNpv,optum_ehr,12100,[IrCorrection] Persons observed on 1 Jan 2017-2019,12086,[IrCorrection] Encephalomyelitis,7779.252780002596,106032402.4365267,0.00733165333711973,7.336675017487624,7.175439036072808,7.501534058282098,0.32609502220929,NA,NA,NA,NA,NA,NA,NA,NA
ppvNpv,optum_ehr,12100,[IrCorrection] Persons observed on 1 Jan 2017-2019,12087,[IrCorrection] Guillain Barre Syndrome,4790.486372002097,106030359.84770997,0.00451494031488416,4.51803273975738,4.3918868640363575,4.647801837672883,0.2559149736365258,NA,NA,NA,NA,NA,NA,NA,NA
ppvNpv,optum_extended_dod,12100,[IrCorrection] Persons observed on 1 Jan 2017-2019,12087,[IrCorrection] Guillain Barre Syndrome,3036.8479429999616,32476198.702071365,0.00934459528871405,9.350995696446054,9.024261772738228,9.689559402976005,0.6652976302377773,NA,NA,NA,NA,NA,NA,NA,NA
ppvNpv,truven_ccae,12100,[IrCorrection] Persons observed on 1 Jan 2017-2019,12087,[IrCorrection] Guillain Barre Syndrome,2051.4667140008455,42886866.70440469,0.00478016399680433,4.783438081733655,4.58085960230528,4.994975150573252,0.41411554826797214,NA,NA,NA,NA,NA,NA,NA,NA
ppvNpv,optum_ehr,12100,[IrCorrection] Persons observed on 1 Jan 2017-2019,12088,[IrCorrection] Acute myocardial infarction,450297.544510002,106048583.19913298,0.4243237571532318,424.61438986361054,423.3759956175337,425.85640646977544,2.4804108522417323,NA,NA,NA,NA,NA,NA,NA,NA
ppvNpv,optum_extended_dod,12100,[IrCorrection] Persons observed on 1 Jan 2017-2019,12088,[IrCorrection] Acute myocardial infarction,313401.9797099996,32418658.71801087,0.9660716393913986,966.7333322950909,963.354676912843,970.1238372198445,6.769160307001471,NA,NA,NA,NA,NA,NA,NA,NA
ppvNpv,truven_ccae,12100,[IrCorrection] Persons observed on 1 Jan 2017-2019,12088,[IrCorrection] Acute myocardial infarction,82729.4889840006,42860168.5128297,0.19288973096342343,193.02184721750808,191.711019751039,194.34163748981416,2.6306177387751575,NA,NA,NA,NA,NA,NA,NA,NA
ppvNpv,truven_mdcd,12100,[IrCorrection] Persons observed on 1 Jan 2017-2019,12088,[IrCorrection] Acute myocardial infarction,115828.07079499937,23283904.885414395,0.4971193250055222,497.4598176938823,494.603218876178,500.3329149015969,5.729696025418889,NA,NA,NA,NA,NA,NA,NA,NA
ppvNpv,truven_mdcr,12100,[IrCorrection] Persons observed on 1 Jan 2017-2019,12088,[IrCorrection] Acute myocardial infarction,53240.943664999984,2498896.461698421,2.129119915154802,2130.5782164665516,2112.557190888635,2148.7529691787117,36.19577829007676,NA,NA,NA,NA,NA,NA,NA,NA
ppvNpv,optum_ehr,12100,[IrCorrection] Persons observed on 1 Jan 2017-2019,12089,[IrCorrection] Myocarditis Pericarditis,35634.05214800006,105997510.10865039,0.03359480985173014,33.617819995464224,33.270577889024274,33.96868623734564,0.6981083483213695,NA,NA,NA,NA,NA,NA,NA,NA
ppvNpv,optum_extended_dod,12100,[IrCorrection] Persons observed on 1 Jan 2017-2019,12089,[IrCorrection] Myocarditis Pericarditis,24045.144463000885,32457758.119680714,0.07403064121057532,74.0813471292127,73.15087901131345,75.02365066085035,1.872771649536901,NA,NA,NA,NA,NA,NA,NA,NA
ppvNpv,truven_ccae,12100,[IrCorrection] Persons observed on 1 Jan 2017-2019,12089,[IrCorrection] Myocarditis Pericarditis,16554.934440000987,42870073.688502744,0.03859009743052044,38.61652900410301,38.03274257245773,39.20927630931989,1.1765337368621616,NA,NA,NA,NA,NA,NA,NA,NA
ppvNpv,optum_ehr,12100,[IrCorrection] Persons observed on 1 Jan 2017-2019,12090,[IrCorrection] Immune thrombocytopenia,27218.39104599807,105971983.07667382,0.02566693599852784,25.684516091677537,25.381189073136188,25.991468128728144,0.6102790555919562,NA,NA,NA,NA,NA,NA,NA,NA
ppvNpv,optum_extended_dod,12100,[IrCorrection] Persons observed on 1 Jan 2017-2019,12090,[IrCorrection] Immune thrombocytopenia,15825.62492699991,32442820.8609799,0.04874666399956946,48.780052125596576,48.025948283223165,49.54599691282191,1.5200486295987474,NA,NA,NA,NA,NA,NA,NA,NA
ppvNpv,truven_ccae,12100,[IrCorrection] Persons observed on 1 Jan 2017-2019,12090,[IrCorrection] Immune thrombocytopenia,8920.735766999758,42862280.83617855,0.02079830956782603,20.81255498533826,20.385115310486363,21.248957311264473,0.86384200077811,NA,NA,NA,NA,NA,NA,NA,NA
ppvNpv,truven_mdcd,12100,[IrCorrection] Persons observed on 1 Jan 2017-2019,12090,[IrCorrection] Immune thrombocytopenia,6609.078664000164,23295026.482507862,0.02835178144636961,28.371200474757543,27.69538103974908,29.063511176236744,1.3681301364876646,NA,NA,NA,NA,NA,NA,NA,NA
ppvNpv,optum_ehr,12100,[IrCorrection] Persons observed on 1 Jan 2017-2019,12092,[IrCorrection] Appendicitis,119268.27786000229,105959495.08226006,0.11248321170308408,112.56025499877117,111.92325577766685,113.20087963270743,1.2776238550405736,NA,NA,NA,NA,NA,NA,NA,NA
ppvNpv,optum_extended_dod,12100,[IrCorrection] Persons observed on 1 Jan 2017-2019,12092,[IrCorrection] Appendicitis,50012.882029000146,32435528.614204876,0.15408612781172598,154.19166625543272,152.84622003731616,155.54895591675253,2.702735879436375,NA,NA,NA,NA,NA,NA,NA,NA
ppvNpv,truven_ccae,12100,[IrCorrection] Persons observed on 1 Jan 2017-2019,12092,[IrCorrection] Appendicitis,78880.13503799877,42824378.419146985,0.18406839150478949,184.19446574554624,182.91353291368873,185.48436887552,2.5708359618312784,NA,NA,NA,NA,NA,NA,NA,NA
ppvNpv,truven_mdcd,12100,[IrCorrection] Persons observed on 1 Jan 2017-2019,12092,[IrCorrection] Appendicitis,48883.64997600047,23290236.694267977,0.2097453606091172,209.88902181501393,208.0366316408879,211.75790595623667,3.7212743153487793,NA,NA,NA,NA,NA,NA,NA,NA
ppvNpv,truven_mdcr,12100,[IrCorrection] Persons observed on 1 Jan 2017-2019,12092,[IrCorrection] Appendicitis,3288.892425000066,2514470.8785660355,0.1307090620471112,130.79858880193794,126.40391958128649,135.34604693627904,8.94212735499255,NA,NA,NA,NA,NA,NA,NA,NA
ppvNpv,optum_ehr,12100,[IrCorrection] Persons observed on 1 Jan 2017-2019,12093,[IrCorrection] Transverse myelitis,5347.6819499981775,106024836.08504958,0.00504034890174444,5.043801195512763,4.910413333957194,5.1808124427999,0.2703991088427067,NA,NA,NA,NA,NA,NA,NA,NA
ppvNpv,optum_extended_dod,12100,[IrCorrection] Persons observed on 1 Jan 2017-2019,12093,[IrCorrection] Transverse myelitis,1606.045732000839,32473691.475146446,0.00494229753594935,4.945682671247943,4.709624688152667,5.193572461561994,0.4839477734093265,NA,NA,NA,NA,NA,NA,NA,NA
ppvNpv,truven_ccae,12100,[IrCorrection] Persons observed on 1 Jan 2017-2019,12093,[IrCorrection] Transverse myelitis,2020.3688109991192,42883522.65545704,0.00470806925106308,4.711293956029567,4.510274199371733,4.921273022206187,0.4109988228344541,NA,NA,NA,NA,NA,NA,NA,NA
ppvNpv,optum_ehr,12100,[IrCorrection] Persons observed on 1 Jan 2017-2019,12094,[IrCorrection] Hemorrhagic stroke,95358.8207829989,106016035.50882067,0.08988597882386876,89.94754456278918,89.3784565137806,90.52025609356456,1.1417995797839495,NA,NA,NA,NA,NA,NA,NA,NA
ppvNpv,optum_extended_dod,12100,[IrCorrection] Persons observed on 1 Jan 2017-2019,12094,[IrCorrection] Hemorrhagic stroke,109948.99488799927,32474667.564420894,0.33833676259961737,338.5685001082473,336.5731637837886,340.57566556074147,4.002501776952897,NA,NA,NA,NA,NA,NA,NA,NA
ppvNpv,optum_ehr,12100,[IrCorrection] Persons observed on 1 Jan 2017-2019,12095,[IrCorrection] Deep vein thrombosis,321354.6812310004,105662746.6661714,0.30392426476840245,304.1324320730384,303.0827254161223,305.1857743184363,2.103048902314015,NA,NA,NA,NA,NA,NA,NA,NA
ppvNpv,optum_extended_dod,12100,[IrCorrection] Persons observed on 1 Jan 2017-2019,12095,[IrCorrection] Deep vein thrombosis,238363.5534560005,32232017.845902935,0.7390179654100223,739.5241420986594,736.5612960735502,742.498906285387,5.937610211836727,NA,NA,NA,NA,NA,NA,NA,NA
ppvNpv,truven_ccae,12100,[IrCorrection] Persons observed on 1 Jan 2017-2019,12095,[IrCorrection] Deep vein thrombosis,97892.82109999884,42752617.02707998,0.22881831316597329,228.97503803800467,227.54515260114354,230.41390882278105,2.8687562216375113,NA,NA,NA,NA,NA,NA,NA,NA
ppvNpv,truven_mdcd,12100,[IrCorrection] Persons observed on 1 Jan 2017-2019,12095,[IrCorrection] Deep vein thrombosis,93733.15128800002,23224580.758331407,0.4033183436858785,403.5945891267593,401.01911359948247,406.18660519778257,5.167491598300103,NA,NA,NA,NA,NA,NA,NA,NA
ppvNpv,truven_mdcr,12100,[IrCorrection] Persons observed on 1 Jan 2017-2019,12095,[IrCorrection] Deep vein thrombosis,38086.066335,2470624.1235492667,1.540501344601541,1541.556482508802,1526.1520579123935,1557.1163937724245,30.964335860031042,NA,NA,NA,NA,NA,NA,NA,NA
ppvNpv,cprd,12100,[IrCorrection] Persons observed on 1 Jan 2017-2019,12095,[IrCorrection] Deep vein thrombosis,11543.862195000112,10633980.271629589,0.10848205993693293,108.55636271771164,106.59403007318258,110.554820738166,3.9607906649834206,NA,NA,NA,NA,NA,NA,NA,NA
ppvNpv,ims_germany,12100,[IrCorrection] Persons observed on 1 Jan 2017-2019,12095,[IrCorrection] Deep vein thrombosis,17027.703903000453,21037536.017045196,0.08088423026860231,80.93963042632049,79.73300133087623,82.16451988760662,2.4315185567303814,NA,NA,NA,NA,NA,NA,NA,NA
ppvNpv,optum_ehr,12100,[IrCorrection] Persons observed on 1 Jan 2017-2019,12096,[IrCorrection] Non-hemorrhagic stroke,386791.4827379992,106094963.87834948,0.36432147603144543,364.5710112890012,363.4238945288814,365.7217488260735,2.297854297192089,NA,NA,NA,NA,NA,NA,NA,NA
ppvNpv,optum_extended_dod,12100,[IrCorrection] Persons observed on 1 Jan 2017-2019,12096,[IrCorrection] Non-hemorrhagic stroke,408846.6689699997,32483216.630110327,1.2577782346150552,1258.6397265565724,1254.7875706936227,1262.5037084091473,7.71613771552461,NA,NA,NA,NA,NA,NA,NA,NA
ppvNpv,truven_ccae,12100,[IrCorrection] Persons observed on 1 Jan 2017-2019,12096,[IrCorrection] Non-hemorrhagic stroke,87825.29068000044,42880321.999464385,0.2046747166352718,204.81490479735072,203.4648092146759,206.17395897138783,2.7091497567119234,NA,NA,NA,NA,NA,NA,NA,NA
ppvNpv,truven_mdcd,12100,[IrCorrection] Persons observed on 1 Jan 2017-2019,12096,[IrCorrection] Non-hemorrhagic stroke,140308.1111659995,23285681.75110356,0.6021385888399222,602.5510125309085,599.406416936485,605.7121052484408,6.305688311955805,NA,NA,NA,NA,NA,NA,NA,NA
ppvNpv,truven_mdcr,12100,[IrCorrection] Persons observed on 1 Jan 2017-2019,12096,[IrCorrection] Non-hemorrhagic stroke,66987.97055999996,2503909.389867183,2.6735040838106885,2675.335250991381,2655.1523056787164,2695.6716154810265,40.51930980231009,NA,NA,NA,NA,NA,NA,NA,NA
ppvNpv,optum_ehr,12100,[IrCorrection] Persons observed on 1 Jan 2017-2019,12097,[IrCorrection] Pulmonary embolism,179777.86272000085,105795137.65226214,0.16981386429097406,169.9301751569268,169.14648010267894,170.71750125296566,1.5710211502867253,NA,NA,NA,NA,NA,NA,NA,NA
ppvNpv,optum_extended_dod,12100,[IrCorrection] Persons observed on 1 Jan 2017-2019,12097,[IrCorrection] Pulmonary embolism,123574.3206440004,32342468.787244406,0.38181914758449914,382.08066754859817,379.9563037265623,384.2169088460282,4.260605119465936,NA,NA,NA,NA,NA,NA,NA,NA
ppvNpv,truven_ccae,12100,[IrCorrection] Persons observed on 1 Jan 2017-2019,12097,[IrCorrection] Pulmonary embolism,46463.947048999646,42814133.88991188,0.10845050452238604,108.52478568986713,107.54248141915608,109.5160624305038,1.9735810113477186,NA,NA,NA,NA,NA,NA,NA,NA
ppvNpv,truven_mdcd,12100,[IrCorrection] Persons observed on 1 Jan 2017-2019,12097,[IrCorrection] Pulmonary embolism,50214.14495399986,23250125.528576694,0.21582582504017928,215.97365094774105,214.09287125188717,217.87095306325162,3.7780818113644443,NA,NA,NA,NA,NA,NA,NA,NA
ppvNpv,truven_mdcr,12100,[IrCorrection] Persons observed on 1 Jan 2017-2019,12097,[IrCorrection] Pulmonary embolism,21522.632878999982,2494491.9560752553,0.8622157063796477,862.8062650826473,851.3559914520806,874.4105386468859,23.05454719480531,NA,NA,NA,NA,NA,NA,NA,NA
sensPpv,optum_ehr,12100,[IrCorrection] Persons observed on 1 Jan 2017-2019,12083,[IrCorrection] Narcolepsy,29194.60535140633,105984042.71689504,0.02752737297540851,27.546227340460195,27.232053207799837,27.86402607626302,0.6319728684631833,NA,NA,NA,NA,NA,NA,NA,NA
sensPpv,optum_extended_dod,12100,[IrCorrection] Persons observed on 1 Jan 2017-2019,12083,[IrCorrection] Narcolepsy,9061.595506790194,32454179.2152045,0.02790208657765125,27.92119759585515,27.352192028652233,28.502040142528266,1.1498481138760326,NA,NA,NA,NA,NA,NA,NA,NA
sensPpv,truven_ccae,12100,[IrCorrection] Persons observed on 1 Jan 2017-2019,12083,[IrCorrection] Narcolepsy,13466.250237764049,42854990.81031341,0.03140132068018599,31.422828434076518,30.896559648643223,31.958061286631555,1.0615016379883322,NA,NA,NA,NA,NA,NA,NA,NA
sensPpv,truven_mdcd,12100,[IrCorrection] Persons observed on 1 Jan 2017-2019,12083,[IrCorrection] Narcolepsy,5453.1038552945,23290520.217038147,0.02339737952756155,23.413405129977704,22.800151524032522,24.043153362496245,1.243001838463723,NA,NA,NA,NA,NA,NA,NA,NA
sensPpv,optum_ehr,12100,[IrCorrection] Persons observed on 1 Jan 2017-2019,12084,[IrCorrection] Anaphylaxis,49301.89306568191,106036135.95971057,0.04646354501046469,46.49536935636227,46.086757811777254,46.90760370720001,0.8208458954227567,NA,NA,NA,NA,NA,NA,NA,NA
sensPpv,optum_extended_dod,12100,[IrCorrection] Persons observed on 1 Jan 2017-2019,12084,[IrCorrection] Anaphylaxis,32965.99895416784,32485478.964889593,0.10140972522900736,101.47918394491768,100.38962687646197,102.58056628499115,2.190939408529175,NA,NA,NA,NA,NA,NA,NA,NA
sensPpv,truven_ccae,12100,[IrCorrection] Persons observed on 1 Jan 2017-2019,12084,[IrCorrection] Anaphylaxis,50595.061758926015,42897121.54237337,0.11786439161557144,117.94512065092452,116.92186710053761,118.97732930829311,2.0554622077554967,NA,NA,NA,NA,NA,NA,NA,NA
sensPpv,truven_mdcd,12100,[IrCorrection] Persons observed on 1 Jan 2017-2019,12084,[IrCorrection] Anaphylaxis,19706.78889974974,23310445.994222652,0.0844827265113475,84.5405913925197,83.36845753698233,85.72920507527093,2.3607475382885923,NA,NA,NA,NA,NA,NA,NA,NA
sensPpv,optum_ehr,12100,[IrCorrection] Persons observed on 1 Jan 2017-2019,12086,[IrCorrection] Encephalomyelitis,5606.120955026653,106029984.45407192,0.00528367876615692,5.2872977242159305,5.150688885110187,5.427529763118456,0.2768408780082696,NA,NA,NA,NA,NA,NA,NA,NA
sensPpv,optum_ehr,12100,[IrCorrection] Persons observed on 1 Jan 2017-2019,12087,[IrCorrection] Guillain Barre Syndrome,3967.9971604507346,106029444.69228429,0.00373979249435984,3.742353996068307,3.6277054959537396,3.8606257998367073,0.2329203038829677,NA,NA,NA,NA,NA,NA,NA,NA
sensPpv,optum_extended_dod,12100,[IrCorrection] Persons observed on 1 Jan 2017-2019,12087,[IrCorrection] Guillain Barre Syndrome,3148.092937237564,32476303.634626694,0.00968687268246185,9.6935075267649,9.360739226244368,10.038105527820287,0.677366301575919,NA,NA,NA,NA,NA,NA,NA,NA
sensPpv,truven_ccae,12100,[IrCorrection] Persons observed on 1 Jan 2017-2019,12087,[IrCorrection] Guillain Barre Syndrome,1894.830470451096,42886723.67432309,0.00441519744911414,4.418221556956006,4.22369906469534,4.62170278406395,0.3980037193686101,NA,NA,NA,NA,NA,NA,NA,NA
sensPpv,optum_ehr,12100,[IrCorrection] Persons observed on 1 Jan 2017-2019,12088,[IrCorrection] Acute myocardial infarction,347936.1589530693,105934883.75908852,0.32821861627952537,328.44342355094983,327.35389766832037,329.5365756822887,2.1826780139683137,NA,NA,NA,NA,NA,NA,NA,NA
sensPpv,optum_extended_dod,12100,[IrCorrection] Persons observed on 1 Jan 2017-2019,12088,[IrCorrection] Acute myocardial infarction,299851.7251740613,32405934.511849552,0.9246654736774986,925.2988061937159,921.9928292568513,928.616637326362,6.623808069510687,NA,NA,NA,NA,NA,NA,NA,NA
sensPpv,truven_ccae,12100,[IrCorrection] Persons observed on 1 Jan 2017-2019,12088,[IrCorrection] Acute myocardial infarction,76979.20924415256,42854923.212758824,0.1795045098204596,179.62745811485723,178.36300995213384,180.9008701830263,2.537860230892477,NA,NA,NA,NA,NA,NA,NA,NA
sensPpv,truven_mdcd,12100,[IrCorrection] Persons observed on 1 Jan 2017-2019,12088,[IrCorrection] Acute myocardial infarction,107056.71431924446,23275269.5783001,0.4596442487248144,459.959073552708,457.21206367609875,462.7225879440965,5.510524267997766,NA,NA,NA,NA,NA,NA,NA,NA
sensPpv,truven_mdcr,12100,[IrCorrection] Persons observed on 1 Jan 2017-2019,12088,[IrCorrection] Acute myocardial infarction,51106.78640218013,2497085.7556453226,2.0452563792762843,2046.6572398100354,2028.9898391266884,2064.4784791380553,35.4886400113669,NA,NA,NA,NA,NA,NA,NA,NA
sensPpv,optum_ehr,12100,[IrCorrection] Persons observed on 1 Jan 2017-2019,12089,[IrCorrection] Myocarditis Pericarditis,31037.277086787013,105992396.82430938,0.02926250764932023,29.28255046277867,28.95858282706498,29.610142413591504,0.651559586526524,NA,NA,NA,NA,NA,NA,NA,NA
sensPpv,optum_extended_dod,12100,[IrCorrection] Persons observed on 1 Jan 2017-2019,12089,[IrCorrection] Myocarditis Pericarditis,22986.129720987978,32456759.736687835,0.07077230370191795,70.82077788253572,69.91113336525068,71.74225818488098,1.831124819630304,NA,NA,NA,NA,NA,NA,NA,NA
sensPpv,truven_ccae,12100,[IrCorrection] Persons observed on 1 Jan 2017-2019,12089,[IrCorrection] Myocarditis Pericarditis,15074.742078880166,42868722.50973531,0.03514082785378659,35.16489691396041,34.608005252081284,35.73074974886328,1.1227444967819977,NA,NA,NA,NA,NA,NA,NA,NA
sensPpv,optum_ehr,12100,[IrCorrection] Persons observed on 1 Jan 2017-2019,12090,[IrCorrection] Immune thrombocytopenia,26361.402341459532,105971029.84959415,0.02485901947193618,24.87604619760192,24.57755844282926,25.17815900487751,0.6006005620482497,NA,NA,NA,NA,NA,NA,NA,NA
sensPpv,optum_extended_dod,12100,[IrCorrection] Persons observed on 1 Jan 2017-2019,12090,[IrCorrection] Immune thrombocytopenia,15354.17600544981,32442376.419487506,0.04729513783557974,47.327531765604135,46.58482306085024,48.082081584778415,1.4972585239281742,NA,NA,NA,NA,NA,NA,NA,NA
sensPpv,truven_ccae,12100,[IrCorrection] Persons observed on 1 Jan 2017-2019,12090,[IrCorrection] Immune thrombocytopenia,8655.046349743088,42862038.2969093,0.02017898036827948,20.192801587709805,19.77183924472856,20.622726642354575,0.8508873976260141,NA,NA,NA,NA,NA,NA,NA,NA
sensPpv,truven_mdcd,12100,[IrCorrection] Persons observed on 1 Jan 2017-2019,12090,[IrCorrection] Immune thrombocytopenia,5748.011110092419,23294177.003036715,0.02465885276890463,24.675742394088825,24.046007171645655,25.321969604060513,1.2759624324148575,NA,NA,NA,NA,NA,NA,NA,NA
sensPpv,optum_ehr,12100,[IrCorrection] Persons observed on 1 Jan 2017-2019,12092,[IrCorrection] Appendicitis,106697.7636916215,105945518.81336181,0.10064109765735268,100.71002991602207,100.10755236675604,101.31613335752886,1.2085809907728162,NA,NA,NA,NA,NA,NA,NA,NA
sensPpv,optum_extended_dod,12100,[IrCorrection] Persons observed on 1 Jan 2017-2019,12092,[IrCorrection] Appendicitis,47620.82604517595,32433275.037392065,0.14672656804252404,146.82706569186826,145.51424051536554,148.15173513830607,2.6374946229405225,NA,NA,NA,NA,NA,NA,NA,NA
sensPpv,truven_ccae,12100,[IrCorrection] Persons observed on 1 Jan 2017-2019,12092,[IrCorrection] Appendicitis,74448.34218331128,42820337.63492321,0.17374310708277274,173.86210921091157,172.6176902160206,175.1154993525773,2.497809136556697,NA,NA,NA,NA,NA,NA,NA,NA
sensPpv,truven_mdcd,12100,[IrCorrection] Persons observed on 1 Jan 2017-2019,12092,[IrCorrection] Appendicitis,43232.24236053466,23284666.670581263,0.18554120664275808,185.66828966100653,183.92633580775453,187.42674144107005,3.5004056333155233,NA,NA,NA,NA,NA,NA,NA,NA
sensPpv,truven_mdcr,12100,[IrCorrection] Persons observed on 1 Jan 2017-2019,12092,[IrCorrection] Appendicitis,2937.046447880966,2514169.587011258,0.11673978415424724,116.8197429105173,112.67039938982975,121.12189543646188,8.45149604663213,NA,NA,NA,NA,NA,NA,NA,NA
sensPpv,optum_ehr,12100,[IrCorrection] Persons observed on 1 Jan 2017-2019,12093,[IrCorrection] Transverse myelitis,4651.741871411937,106024061.75805861,0.0043844367500593,4.387439788929207,4.263152631221766,4.515350391281314,0.2521977600595475,NA,NA,NA,NA,NA,NA,NA,NA
sensPpv,optum_extended_dod,12100,[IrCorrection] Persons observed on 1 Jan 2017-2019,12093,[IrCorrection] Transverse myelitis,1559.601838299792,32473647.667256523,0.00479938184028253,4.802669088118345,4.570132383025953,5.047037686618476,0.47690530359252303,NA,NA,NA,NA,NA,NA,NA,NA
sensPpv,truven_ccae,12100,[IrCorrection] Persons observed on 1 Jan 2017-2019,12093,[IrCorrection] Transverse myelitis,1913.4085282096055,42883424.989600755,0.00445882965717412,4.461883650090002,4.2663735811955155,4.666353128260694,0.39997954706517813,NA,NA,NA,NA,NA,NA,NA,NA
sensPpv,optum_ehr,12100,[IrCorrection] Persons observed on 1 Jan 2017-2019,12094,[IrCorrection] Hemorrhagic stroke,76494.34849849725,105995053.25308749,0.07211845140349381,72.16784760308524,71.65823605858213,72.6810833496421,1.0228472910599606,NA,NA,NA,NA,NA,NA,NA,NA
sensPpv,optum_extended_dod,12100,[IrCorrection] Persons observed on 1 Jan 2017-2019,12094,[IrCorrection] Hemorrhagic stroke,111529.4384290163,32476156.521796554,0.3431843931840151,343.41945098756594,341.40987496332417,345.4408555970167,4.030980633692536,NA,NA,NA,NA,NA,NA,NA,NA
sensPpv,optum_ehr,12100,[IrCorrection] Persons observed on 1 Jan 2017-2019,12095,[IrCorrection] Deep vein thrombosis,300532.73929863406,105639644.26009706,0.28429387277183754,284.4885946025033,283.4733026611661,285.50752292764275,2.034220266476666,NA,NA,NA,NA,NA,NA,NA,NA
sensPpv,optum_extended_dod,12100,[IrCorrection] Persons observed on 1 Jan 2017-2019,12095,[IrCorrection] Deep vein thrombosis,226845.64990417895,32221222.21077258,0.7035437111479347,704.0255904021456,701.134391119263,706.928711840608,5.794320721345002,NA,NA,NA,NA,NA,NA,NA,NA
sensPpv,truven_ccae,12100,[IrCorrection] Persons observed on 1 Jan 2017-2019,12095,[IrCorrection] Deep vein thrombosis,94989.34495139384,42749971.769263245,0.2220453590016925,222.19744486402243,220.78890374968648,223.6149718831619,2.8260681334754167,NA,NA,NA,NA,NA,NA,NA,NA
sensPpv,truven_mdcd,12100,[IrCorrection] Persons observed on 1 Jan 2017-2019,12095,[IrCorrection] Deep vein thrombosis,90021.58215389866,23220930.334529273,0.3874089644256821,387.67431303145327,385.150111247929,390.2150579612934,5.064946713364407,NA,NA,NA,NA,NA,NA,NA,NA
sensPpv,truven_mdcr,12100,[IrCorrection] Persons observed on 1 Jan 2017-2019,12095,[IrCorrection] Deep vein thrombosis,37552.34354016714,2470172.5565804616,1.5191910484904112,1520.2315903044462,1504.9332290645402,1535.6854666543295,30.752237589789274,NA,NA,NA,NA,NA,NA,NA,NA
sensPpv,cprd,12100,[IrCorrection] Persons observed on 1 Jan 2017-2019,12095,[IrCorrection] Deep vein thrombosis,11685.34943266662,10634148.967673399,0.1098099272671363,109.88513954608645,107.91074016788208,111.89566371500754,3.9849235471254616,NA,NA,NA,NA,NA,NA,NA,NA
sensPpv,ims_germany,12100,[IrCorrection] Persons observed on 1 Jan 2017-2019,12095,[IrCorrection] Deep vein thrombosis,16872.629714236456,21037360.53707239,0.0801482723979919,80.20316847497685,79.00207766947217,81.42251980179469,2.4204421323225205,NA,NA,NA,NA,NA,NA,NA,NA
sensPpv,optum_ehr,12100,[IrCorrection] Persons observed on 1 Jan 2017-2019,12096,[IrCorrection] Non-hemorrhagic stroke,308398.75747999735,106007850.04286899,0.2907215549698807,290.9206793225998,289.89573513670797,291.94924726164453,2.05351212493656,NA,NA,NA,NA,NA,NA,NA,NA
sensPpv,optum_extended_dod,12100,[IrCorrection] Persons observed on 1 Jan 2017-2019,12096,[IrCorrection] Non-hemorrhagic stroke,433476.00469705096,32506335.264276933,1.3325996394860629,1333.5123789651623,1329.548536879185,1337.488038629548,7.939501750363206,NA,NA,NA,NA,NA,NA,NA,NA
sensPpv,truven_ccae,12100,[IrCorrection] Persons observed on 1 Jan 2017-2019,12096,[IrCorrection] Non-hemorrhagic stroke,83660.03006460692,42876521.76294297,0.19498495786818135,195.118509209187,193.80080801344195,196.44516979193915,2.644361778497199,NA,NA,NA,NA,NA,NA,NA,NA
sensPpv,truven_mdcd,12100,[IrCorrection] Persons observed on 1 Jan 2017-2019,12096,[IrCorrection] Non-hemorrhagic stroke,142981.03285935396,23288311.833987065,0.6135402544184844,613.9604874694558,610.7863609133266,617.1511092848752,6.3647483715486715,NA,NA,NA,NA,NA,NA,NA,NA
sensPpv,truven_mdcr,12100,[IrCorrection] Persons observed on 1 Jan 2017-2019,12096,[IrCorrection] Non-hemorrhagic stroke,68534.8549732998,2505219.8498563566,2.7338097862176887,2735.6822586740022,2715.2774142990306,2756.240441957099,40.96302765806831,NA,NA,NA,NA,NA,NA,NA,NA
sensPpv,optum_ehr,12100,[IrCorrection] Persons observed on 1 Jan 2017-2019,12097,[IrCorrection] Pulmonary embolism,168714.3304883565,105782848.23525684,0.15938203086361163,159.49119663817578,158.7319671386347,160.2540576017714,1.522090463136692,NA,NA,NA,NA,NA,NA,NA,NA
sensPpv,optum_extended_dod,12100,[IrCorrection] Persons observed on 1 Jan 2017-2019,12097,[IrCorrection] Pulmonary embolism,116942.85935809002,32336234.007452875,0.3613989690520846,361.6465025925313,359.57968789382994,363.7251970584792,4.145509164649241,NA,NA,NA,NA,NA,NA,NA,NA
sensPpv,truven_ccae,12100,[IrCorrection] Persons observed on 1 Jan 2017-2019,12097,[IrCorrection] Pulmonary embolism,45203.95134933502,42812984.60850437,0.10551240784534334,105.58467661784012,104.61581767261846,106.56250827556948,1.9466906029510227,NA,NA,NA,NA,NA,NA,NA,NA
sensPpv,truven_mdcd,12100,[IrCorrection] Persons observed on 1 Jan 2017-2019,12097,[IrCorrection] Pulmonary embolism,47953.624883017714,23247899.201508194,0.2061296033686387,206.27078802848015,204.4328408935697,208.12525917027702,3.692418276707315,NA,NA,NA,NA,NA,NA,NA,NA
sensPpv,truven_mdcr,12100,[IrCorrection] Persons observed on 1 Jan 2017-2019,12097,[IrCorrection] Pulmonary embolism,19916.13201298388,2493123.459538289,0.7982958119227119,798.8425898760831,787.8247993180572,810.0144650845107,22.18966576645346,NA,NA,NA,NA,NA,NA,NA,NA
sensSpec,optum_ehr,12100,[IrCorrection] Persons observed on 1 Jan 2017-2019,12083,[IrCorrection] Narcolepsy,29057.0508711932,105983889.71042477,0.0273977134478932,27.416479005049293,27.103049673397567,27.733532945264397,0.6304832718668294,NA,NA,NA,NA,NA,NA,NA,NA
sensSpec,optum_extended_dod,12100,[IrCorrection] Persons observed on 1 Jan 2017-2019,12083,[IrCorrection] Narcolepsy,7925.796857533776,32453108.20864196,0.02440558819303907,24.422304349335686,23.89051277965871,24.96593334904976,1.0754205693910492,NA,NA,NA,NA,NA,NA,NA,NA
sensSpec,truven_ccae,12100,[IrCorrection] Persons observed on 1 Jan 2017-2019,12083,[IrCorrection] Narcolepsy,12035.680552158889,42853685.00580225,0.02806629716012068,28.08552065132626,27.588217058051875,28.59178861019786,1.003571552145985,NA,NA,NA,NA,NA,NA,NA,NA
sensSpec,truven_mdcd,12100,[IrCorrection] Persons observed on 1 Jan 2017-2019,12083,[IrCorrection] Narcolepsy,5048.582786567532,23290121.166673295,0.02166209090916094,21.676927957728864,21.08715483175391,22.283196070481196,1.196041238727286,NA,NA,NA,NA,NA,NA,NA,NA
sensSpec,optum_ehr,12100,[IrCorrection] Persons observed on 1 Jan 2017-2019,12084,[IrCorrection] Anaphylaxis,46337.43082265946,106032837.53829327,0.0436711076067105,43.701019324249344,43.30492552166726,44.100736047285714,0.7958105256184567,NA,NA,NA,NA,NA,NA,NA,NA
sensSpec,optum_extended_dod,12100,[IrCorrection] Persons observed on 1 Jan 2017-2019,12084,[IrCorrection] Anaphylaxis,31917.63313798511,32484490.091884,0.09818774011386272,98.25499199065305,97.18296108544855,99.3388485312249,2.1558874457763437,NA,NA,NA,NA,NA,NA,NA,NA
sensSpec,truven_ccae,12100,[IrCorrection] Persons observed on 1 Jan 2017-2019,12084,[IrCorrection] Anaphylaxis,49798.16627505406,42896393.90493852,0.1160099410643966,116.08939992813931,115.07425469417954,117.11350042189,2.039245727710451,NA,NA,NA,NA,NA,NA,NA,NA
sensSpec,truven_mdcd,12100,[IrCorrection] Persons observed on 1 Jan 2017-2019,12084,[IrCorrection] Anaphylaxis,18161.048697452137,23308920.60141533,0.07786125512814297,77.91458475494309,76.78961182172446,79.05603861664214,2.2664267949176775,NA,NA,NA,NA,NA,NA,NA,NA
sensSpec,optum_ehr,12100,[IrCorrection] Persons observed on 1 Jan 2017-2019,12086,[IrCorrection] Encephalomyelitis,1827.5121300436135,106025780.1026666,0.00172246906780056,1.723648841134678,1.6464076300849302,1.8045138234640352,0.15810619337910503,NA,NA,NA,NA,NA,NA,NA,NA
sensSpec,optum_ehr,12100,[IrCorrection] Persons observed on 1 Jan 2017-2019,12087,[IrCorrection] Guillain Barre Syndrome,3494.10496006673,106028917.40875,0.00329317082631531,3.2954264227717,3.1879503968383074,3.406525810022725,0.21857541318441776,NA,NA,NA,NA,NA,NA,NA,NA
sensSpec,optum_extended_dod,12100,[IrCorrection] Persons observed on 1 Jan 2017-2019,12087,[IrCorrection] Guillain Barre Syndrome,3254.2161472724342,32476403.736026175,0.01001338936461402,10.020247850480192,9.681821614047387,10.370503711757554,0.6886820977101671,NA,NA,NA,NA,NA,NA,NA,NA
sensSpec,truven_ccae,12100,[IrCorrection] Persons observed on 1 Jan 2017-2019,12087,[IrCorrection] Guillain Barre Syndrome,1793.7366363828162,42886631.361975655,0.00417964487683367,4.182507647297258,3.993362482757813,4.380611651266661,0.38724916850884794,NA,NA,NA,NA,NA,NA,NA,NA
sensSpec,optum_ehr,12100,[IrCorrection] Persons observed on 1 Jan 2017-2019,12088,[IrCorrection] Acute myocardial infarction,315532.1450820421,105898890.5160088,0.29775210444856454,297.95604424613214,296.9182266370124,298.9974893368046,2.0792626997921957,NA,NA,NA,NA,NA,NA,NA,NA
sensSpec,optum_extended_dod,12100,[IrCorrection] Persons observed on 1 Jan 2017-2019,12088,[IrCorrection] Acute myocardial infarction,296327.74391487084,32402625.358952705,0.913891745954842,914.5176992054959,911.2309055019495,917.8163483155968,6.585442813647319,NA,NA,NA,NA,NA,NA,NA,NA
sensSpec,truven_ccae,12100,[IrCorrection] Persons observed on 1 Jan 2017-2019,12088,[IrCorrection] Acute myocardial infarction,75140.83379157067,42853246.28027415,0.1752245377228275,175.34455452948697,174.09530073563337,176.6027725804737,2.5074718448403246,NA,NA,NA,NA,NA,NA,NA,NA
sensSpec,truven_mdcd,12100,[IrCorrection] Persons observed on 1 Jan 2017-2019,12088,[IrCorrection] Acute myocardial infarction,104027.73602117304,23272287.581397038,0.4466966668095601,447.00262343066254,444.2945234022639,449.7272300900853,5.432706687821394,NA,NA,NA,NA,NA,NA,NA,NA
sensSpec,truven_mdcr,12100,[IrCorrection] Persons observed on 1 Jan 2017-2019,12088,[IrCorrection] Acute myocardial infarction,50434.4466856892,2496515.3152117156,2.018811015546516,2020.1937628174385,2002.6394539306707,2037.9019455130376,35.26249158236692,NA,NA,NA,NA,NA,NA,NA,NA
sensSpec,optum_ehr,12100,[IrCorrection] Persons observed on 1 Jan 2017-2019,12089,[IrCorrection] Myocarditis Pericarditis,23057.30638064858,105983520.19695431,0.02174066729593766,21.755558163948567,21.476551734110608,22.038189225377977,0.5616374912673692,NA,NA,NA,NA,NA,NA,NA,NA
sensSpec,optum_extended_dod,12100,[IrCorrection] Persons observed on 1 Jan 2017-2019,12089,[IrCorrection] Myocarditis Pericarditis,21445.26043763653,32455307.086761735,0.06603105587494361,66.07628262554285,65.1978165454456,66.96658503229598,1.7687684868503766,NA,NA,NA,NA,NA,NA,NA,NA
sensSpec,truven_ccae,12100,[IrCorrection] Persons observed on 1 Jan 2017-2019,12089,[IrCorrection] Myocarditis Pericarditis,12564.78326282905,42866431.31897625,0.02929141230339384,29.311474914560538,28.803412659043687,29.828498860087407,1.0250862010437203,NA,NA,NA,NA,NA,NA,NA,NA
sensSpec,optum_ehr,12100,[IrCorrection] Persons observed on 1 Jan 2017-2019,12090,[IrCorrection] Immune thrombocytopenia,23540.992950885167,105967892.71302214,0.02220000739570632,22.21521288022393,21.93323487135683,22.500816054186423,0.567581182829592,NA,NA,NA,NA,NA,NA,NA,NA
sensSpec,optum_extended_dod,12100,[IrCorrection] Persons observed on 1 Jan 2017-2019,12090,[IrCorrection] Immune thrombocytopenia,14017.53942802168,32441116.35349077,0.04317960205976456,43.20917712966849,42.499765309056684,43.930430548170634,1.4306652391139494,NA,NA,NA,NA,NA,NA,NA,NA
sensSpec,truven_ccae,12100,[IrCorrection] Persons observed on 1 Jan 2017-2019,12090,[IrCorrection] Immune thrombocytopenia,7450.928342426896,42860939.09655498,0.01737206094142387,17.383959613301567,16.993684947468708,17.78319727422712,0.7895123267584125,NA,NA,NA,NA,NA,NA,NA,NA
sensSpec,truven_mdcd,12100,[IrCorrection] Persons observed on 1 Jan 2017-2019,12090,[IrCorrection] Immune thrombocytopenia,3510.5705285924264,23291969.673503436,0.01506170462694708,15.07202086299293,14.581601735677078,15.578934126192964,0.9973323905158864,NA,NA,NA,NA,NA,NA,NA,NA
sensSpec,optum_ehr,12100,[IrCorrection] Persons observed on 1 Jan 2017-2019,12092,[IrCorrection] Appendicitis,99570.59971102442,105937594.62196115,0.09392553012450482,93.98986267938463,93.40787274157661,94.57547878143095,1.1676060398543342,NA,NA,NA,NA,NA,NA,NA,NA
sensSpec,optum_extended_dod,12100,[IrCorrection] Persons observed on 1 Jan 2017-2019,12092,[IrCorrection] Appendicitis,46028.73899080469,32431775.118287332,0.1418276793922668,141.92482163842593,140.6341681321648,143.2273199651553,2.593151832990486,NA,NA,NA,NA,NA,NA,NA,NA
sensSpec,truven_ccae,12100,[IrCorrection] Persons observed on 1 Jan 2017-2019,12092,[IrCorrection] Appendicitis,71964.93451747259,42818073.33357919,0.16795635955885144,168.07139816128904,166.84792091823135,169.30384702686402,2.455926108632667,NA,NA,NA,NA,NA,NA,NA,NA
sensSpec,truven_mdcd,12100,[IrCorrection] Persons observed on 1 Jan 2017-2019,12092,[IrCorrection] Appendicitis,42268.90977569111,23283717.210609365,0.18141423854980104,181.53849487757483,179.81607971432922,183.27740864316618,3.461328928836963,NA,NA,NA,NA,NA,NA,NA,NA
sensSpec,truven_mdcr,12100,[IrCorrection] Persons observed on 1 Jan 2017-2019,12092,[IrCorrection] Appendicitis,2763.6872951778637,2514021.1366891013,0.10985570542799622,109.93094906185104,105.90792154258578,114.10679565437378,8.198874111788001,NA,NA,NA,NA,NA,NA,NA,NA
sensSpec,optum_ehr,12100,[IrCorrection] Persons observed on 1 Jan 2017-2019,12093,[IrCorrection] Transverse myelitis,3490.3724801781964,106022769.5783239,0.00328984374233018,3.2920970599619133,3.184673171454812,3.4031445202456787,0.2184713487908665,NA,NA,NA,NA,NA,NA,NA,NA
sensSpec,optum_extended_dod,12100,[IrCorrection] Persons observed on 1 Jan 2017-2019,12093,[IrCorrection] Transverse myelitis,1377.2698317229188,32473475.683819357,0.0042383117695821,4.241214722848948,4.02303661681984,4.471225106454509,0.44818848963466884,NA,NA,NA,NA,NA,NA,NA,NA
sensSpec,truven_ccae,12100,[IrCorrection] Persons observed on 1 Jan 2017-2019,12093,[IrCorrection] Transverse myelitis,1526.3245074047632,42883071.54165393,0.0035568342947046,3.5592704825776926,3.3851149009046075,3.742385927509713,0.35727102660510557,NA,NA,NA,NA,NA,NA,NA,NA
sensSpec,optum_ehr,12100,[IrCorrection] Persons observed on 1 Jan 2017-2019,12094,[IrCorrection] Hemorrhagic stroke,67659.28301471133,105985226.3360869,0.06379471469447166,63.83840970453636,63.35919374436112,64.32125020478092,0.9620564604198023,NA,NA,NA,NA,NA,NA,NA,NA
sensSpec,optum_extended_dod,12100,[IrCorrection] Persons observed on 1 Jan 2017-2019,12094,[IrCorrection] Hemorrhagic stroke,111877.34390299769,32476484.288279872,0.34425144988624157,344.4872385505473,342.47454175802113,346.5117638087978,4.037222050776677,NA,NA,NA,NA,NA,NA,NA,NA
sensSpec,optum_ehr,12100,[IrCorrection] Persons observed on 1 Jan 2017-2019,12095,[IrCorrection] Deep vein thrombosis,275428.5416949079,105611790.59644282,0.2606148608768678,260.7933642062354,259.82122277705105,261.7691429786215,1.9479202015704686,NA,NA,NA,NA,NA,NA,NA,NA
sensSpec,optum_extended_dod,12100,[IrCorrection] Persons observed on 1 Jan 2017-2019,12095,[IrCorrection] Deep vein thrombosis,219856.6984747589,32214671.52477002,0.6820066893964193,682.4738172658687,679.6270178293289,685.3325412828317,5.705523453502792,NA,NA,NA,NA,NA,NA,NA,NA
sensSpec,truven_ccae,12100,[IrCorrection] Persons observed on 1 Jan 2017-2019,12095,[IrCorrection] Deep vein thrombosis,90490.28676075127,42745872.83121878,0.2115487263345794,211.69362272247983,210.31881858244537,213.07741363048967,2.758595048044299,NA,NA,NA,NA,NA,NA,NA,NA
sensSpec,truven_mdcd,12100,[IrCorrection] Persons observed on 1 Jan 2017-2019,12095,[IrCorrection] Deep vein thrombosis,88260.4878707569,23219198.252960343,0.3798584081083178,380.1185851001729,377.619090288539,382.634624293365,5.015534004826009,NA,NA,NA,NA,NA,NA,NA,NA
sensSpec,truven_mdcr,12100,[IrCorrection] Persons observed on 1 Jan 2017-2019,12095,[IrCorrection] Deep vein thrombosis,36945.17779720913,2469658.851719503,1.4949388728518278,1495.9628035866572,1480.7860929731894,1511.2950616800329,30.50896870684346,NA,NA,NA,NA,NA,NA,NA,NA
sensSpec,cprd,12100,[IrCorrection] Persons observed on 1 Jan 2017-2019,12095,[IrCorrection] Deep vein thrombosis,11887.72330339185,10634390.259198518,0.11170914655840668,111.78565967248775,109.79412808717461,113.81331521200866,4.019187124834048,NA,NA,NA,NA,NA,NA,NA,NA
sensSpec,ims_germany,12100,[IrCorrection] Persons observed on 1 Jan 2017-2019,12095,[IrCorrection] Deep vein thrombosis,13769.828051812276,21033849.446312036,0.06542027959880815,65.46508800949225,64.38073243777956,66.5677072287495,2.1869747909699413,NA,NA,NA,NA,NA,NA,NA,NA
sensSpec,optum_ehr,12100,[IrCorrection] Persons observed on 1 Jan 2017-2019,12096,[IrCorrection] Non-hemorrhagic stroke,300689.5862795901,105999283.23428525,0.2834771767374364,283.6713391872565,282.6592274955667,284.68707492506553,2.02784742949882,NA,NA,NA,NA,NA,NA,NA,NA
sensSpec,optum_extended_dod,12100,[IrCorrection] Persons observed on 1 Jan 2017-2019,12096,[IrCorrection] Non-hemorrhagic stroke,434839.7498819579,32507615.360759262,1.3367394485005246,1337.6550234652518,1333.6850980827069,1341.6367659608209,7.9516678781139944,NA,NA,NA,NA,NA,NA,NA,NA
sensSpec,truven_ccae,12100,[IrCorrection] Persons observed on 1 Jan 2017-2019,12096,[IrCorrection] Non-hemorrhagic stroke,82633.78249409182,42875585.450942926,0.1925973065649754,192.7292225283761,191.41962715044156,194.04777748939756,2.6281503389560044,NA,NA,NA,NA,NA,NA,NA,NA
sensSpec,truven_mdcd,12100,[IrCorrection] Persons observed on 1 Jan 2017-2019,12096,[IrCorrection] Non-hemorrhagic stroke,143509.26037755687,23288831.595623806,0.6157931670094338,616.2149431512213,613.0350145746498,619.4113666188049,6.376352044155055,NA,NA,NA,NA,NA,NA,NA,NA
sensSpec,truven_mdcr,12100,[IrCorrection] Persons observed on 1 Jan 2017-2019,12096,[IrCorrection] Non-hemorrhagic stroke,68707.30970258005,2505365.946759734,2.740529071247766,2742.406145954099,2721.9767407435206,2762.9888811292617,41.01214038574108,NA,NA,NA,NA,NA,NA,NA,NA
sensSpec,optum_ehr,12100,[IrCorrection] Persons observed on 1 Jan 2017-2019,12097,[IrCorrection] Pulmonary embolism,150914.5995471633,105763076.22108103,0.1425935302960799,142.69119709765266,141.97309773094904,143.4129286081124,1.4398308771633594,NA,NA,NA,NA,NA,NA,NA,NA
sensSpec,optum_extended_dod,12100,[IrCorrection] Persons observed on 1 Jan 2017-2019,12097,[IrCorrection] Pulmonary embolism,112478.86922321007,32332037.044780154,0.3476486231825507,347.88673867788117,345.85960636424835,349.9257523021422,4.06614593789385,NA,NA,NA,NA,NA,NA,NA,NA
sensSpec,truven_ccae,12100,[IrCorrection] Persons observed on 1 Jan 2017-2019,12097,[IrCorrection] Pulmonary embolism,42547.94157221479,42810561.97908124,0.09931852591460937,99.3865523022221,98.4466671922185,100.33541063646173,1.8887434442432323,NA,NA,NA,NA,NA,NA,NA,NA
sensSpec,truven_mdcd,12100,[IrCorrection] Persons observed on 1 Jan 2017-2019,12097,[IrCorrection] Pulmonary embolism,46019.78121062547,23245994.609476753,0.19783314570814073,197.9686478627353,196.16816166587617,199.7856594249624,3.617497759086234,NA,NA,NA,NA,NA,NA,NA,NA
sensSpec,truven_mdcr,12100,[IrCorrection] Persons observed on 1 Jan 2017-2019,12097,[IrCorrection] Pulmonary embolism,19134.763712205106,2492457.85154745,0.7671811448430551,767.7066113806192,756.9057420418272,778.6616066191023,21.75586457727502,NA,NA,NA,NA,NA,NA,NA,NA
fpRate,dlMa,12100,[IrCorrection] Persons observed on 1 Jan 2017-2019,12083,[IrCorrection] Narcolepsy,NA,NA,NA,45.368769854305256,40.75274530987875,50.50764709080754,9.75490178092879,26.819275588837968,76.74798192347818,49.92870633464021,0.054746298163025765,0.011931079303817487,0.10922948001257485,0.9958587783910816,4
fpRate,dlMa,12100,[IrCorrection] Persons observed on 1 Jan 2017-2019,12084,[IrCorrection] Anaphylaxis,NA,NA,NA,107.37905271182147,65.37895543263245,176.36043410282235,110.9814786701899,9.401714185684561,1226.3998600217592,1216.9981458360746,0.2531499061891284,0.2563162853406757,0.5062768860422878,0.9999178433432105,4
fpRate,dlMa,12100,[IrCorrection] Persons observed on 1 Jan 2017-2019,12086,[IrCorrection] Encephalomyelitis,NA,NA,NA,10.256348148166028,10.065381813138462,10.450937608653799,0.38555579551533725,NA,NA,NA,0.009589386562273846,NA,NA,NA,1
fpRate,dlMa,12100,[IrCorrection] Persons observed on 1 Jan 2017-2019,12087,[IrCorrection] Guillain Barre Syndrome,NA,NA,NA,6.898937976186,3.3870009274100856,14.052356707104826,10.66535577969474,6.821678024639059e-4,69770.72947059793,69770.72878843013,0.3629774022499775,0.394968953599174,0.6284655548231534,0.9993106936006799,3
fpRate,dlMa,12100,[IrCorrection] Persons observed on 1 Jan 2017-2019,12088,[IrCorrection] Acute myocardial infarction,NA,NA,NA,616.7526698944449,319.8294125543795,1189.3335662405686,869.5041536861892,45.271089163576654,8402.35706385364,8357.085974690064,0.3350471343698136,0.5612742589413855,0.749182393640818,0.9999897100855774,5
fpRate,dlMa,12100,[IrCorrection] Persons observed on 1 Jan 2017-2019,12089,[IrCorrection] Myocarditis Pericarditis,NA,NA,NA,63.794463825071645,32.95477334396519,123.4945108634357,90.53973751947052,0.012175670272407225,334251.29981971445,334251.28764404415,0.3370114456982638,0.34069928322519616,0.5836945119025844,0.9999132584216612,3
fpRate,dlMa,12100,[IrCorrection] Persons observed on 1 Jan 2017-2019,12090,[IrCorrection] Immune thrombocytopenia,NA,NA,NA,46.657419278877214,34.17220047187306,63.70426088178748,29.532060409914415,10.119707223926689,215.11637892229928,204.99667169837258,0.15889041667400083,0.10092830103988777,0.3176921482188185,0.9995245360418173,4
fpRate,dlMa,12100,[IrCorrection] Persons observed on 1 Jan 2017-2019,12092,[IrCorrection] Appendicitis,NA,NA,NA,150.25778655276196,114.84206904842762,196.59522513665908,81.75315608823146,51.60562576629325,437.49885956197505,385.8932337956818,0.1371425833782179,0.09396541928480392,0.3065377942192511,0.9997975781894987,5
fpRate,dlMa,12100,[IrCorrection] Persons observed on 1 Jan 2017-2019,12093,[IrCorrection] Transverse myelitis,NA,NA,NA,7.223499597547852,6.5751976068210904,7.935722932744059,1.3605253259229686,2.1751183002437444,23.989015415817523,21.813897115573777,0.04797787772284127,0.006621236979608669,0.08137098364655959,0.961317372783643,3
fpRate,dlMa,12100,[IrCorrection] Persons observed on 1 Jan 2017-2019,12094,[IrCorrection] Hemorrhagic stroke,NA,NA,NA,175.97176663709317,38.81395784277341,797.8073964736116,758.9934386308381,NA,NA,NA,0.7712099085000551,1.1895195967316747,1.0906509967591258,0.9999917200803667,2
fpRate,dlMa,12100,[IrCorrection] Persons observed on 1 Jan 2017-2019,12095,[IrCorrection] Deep vein thrombosis,NA,NA,NA,366.310769827767,224.6090526024452,597.4094923471955,372.8004397447503,59.68463409061714,2248.2098137367316,2188.5251796461143,0.24955597548475908,0.43592532318467825,0.6602464109593313,0.9999793735446285,7
fpRate,dlMa,12100,[IrCorrection] Persons observed on 1 Jan 2017-2019,12096,[IrCorrection] Non-hemorrhagic stroke,NA,NA,NA,708.7432071211705,308.3052255969217,1629.28452694192,1320.9793013449982,25.862290459562644,19422.755089144455,19396.892798684894,0.4247032051560118,0.9018567943139294,0.9496614103531476,0.9999942897371192,5
fpRate,dlMa,12100,[IrCorrection] Persons observed on 1 Jan 2017-2019,12097,[IrCorrection] Pulmonary embolism,NA,NA,NA,288.93329617133566,175.6939832324318,475.15827292725703,299.4642896948252,39.953949925325865,2089.466743399886,2049.51279347456,0.25380675677925346,0.322070142908219,0.5675122403157653,0.9999619287609729,5
ppvNpv,dlMa,12100,[IrCorrection] Persons observed on 1 Jan 2017-2019,12083,[IrCorrection] Narcolepsy,NA,NA,NA,28.229935193376768,25.28165378787866,31.52203758934241,6.24038380146375,16.45438028249794,48.432649989858554,31.978269707360614,0.0562785650678093,0.012571792573717589,0.1121240053410401,0.993803332240954,4
ppvNpv,dlMa,12100,[IrCorrection] Persons observed on 1 Jan 2017-2019,12084,[IrCorrection] Anaphylaxis,NA,NA,NA,88.05038680452608,57.0469522247848,135.9033272431042,78.8563750183194,10.458903143030305,741.2699506250887,730.8110474820584,0.2214502814151368,0.19613263657635946,0.4428686448331598,0.9998690741251707,4
ppvNpv,dlMa,12100,[IrCorrection] Persons observed on 1 Jan 2017-2019,12086,[IrCorrection] Encephalomyelitis,NA,NA,NA,7.336675017487624,7.175439036072808,7.501534058282098,0.32609502220929,NA,NA,NA,0.011337859167617268,NA,NA,NA,1
ppvNpv,dlMa,12100,[IrCorrection] Persons observed on 1 Jan 2017-2019,12087,[IrCorrection] Guillain Barre Syndrome,NA,NA,NA,5.868355757520076,3.6701473714952546,9.383165254965988,5.713017883470734,0.013416478108662377,2566.813661372452,2566.800244894343,0.2394649452090283,0.1716886249962949,0.41435326111458914,0.9981235041958101,3
ppvNpv,dlMa,12100,[IrCorrection] Persons observed on 1 Jan 2017-2019,12088,[IrCorrection] Acute myocardial infarction,NA,NA,NA,609.2998183452866,336.90050546376307,1101.9463094142798,765.0458039505168,57.724825782189406,6431.310334939887,6373.585509157698,0.3023131103644531,0.45695710054109284,0.6759860209657392,0.9999874297183341,5
ppvNpv,dlMa,12100,[IrCorrection] Persons observed on 1 Jan 2017-2019,12089,[IrCorrection] Myocarditis Pericarditis,NA,NA,NA,45.81592854070566,27.8387604511945,75.4020392440634,47.5632787928689,0.07176221632714434,29250.759180539066,29250.687418322737,0.2541896222923284,0.19379374100622773,0.44022010518174626,0.9997868107981578,3
ppvNpv,dlMa,12100,[IrCorrection] Persons observed on 1 Jan 2017-2019,12090,[IrCorrection] Immune thrombocytopenia,NA,NA,NA,29.32861663430636,20.27658452647325,42.42172800646335,22.145143479990097,4.793272939293268,179.45311368163772,174.65984074234444,0.18831823979906426,0.14176421802922995,0.37651589346165715,0.9994651610166787,4
ppvNpv,dlMa,12100,[IrCorrection] Persons observed on 1 Jan 2017-2019,12092,[IrCorrection] Appendicitis,NA,NA,NA,154.4214060467731,119.24021427965012,199.98262154693217,80.74240726728205,55.24247643759299,431.6600591286124,376.4175826910194,0.13191324145055647,0.08693255608331041,0.29484327376304587,0.9997869566850375,5
ppvNpv,dlMa,12100,[IrCorrection] Persons observed on 1 Jan 2017-2019,12093,[IrCorrection] Transverse myelitis,NA,NA,NA,4.909193993456219,4.708202461885983,5.118765783859838,0.41056332197385537,3.0462330160692845,7.911471492251228,4.865238476181943,0.02132874903300728,9.555955130584621e-4,0.030912707954148275,0.7067920812753553,3
ppvNpv,dlMa,12100,[IrCorrection] Persons observed on 1 Jan 2017-2019,12094,[IrCorrection] Hemorrhagic stroke,NA,NA,NA,174.50913220422802,47.60849278553819,639.663964155644,592.0554713701058,NA,NA,NA,0.6627498866719498,0.8784650336513137,0.9372646550741758,0.9999888546417857,2
ppvNpv,dlMa,12100,[IrCorrection] Persons observed on 1 Jan 2017-2019,12095,[IrCorrection] Deep vein thrombosis,NA,NA,NA,311.03263122369367,187.8586575364839,514.9685351453455,327.10987760886167,47.92000000687481,2018.8083821380487,1970.888382131174,0.2572536922847696,0.463227694237249,0.6806083265999976,0.9999783243622966,7
ppvNpv,dlMa,12100,[IrCorrection] Persons observed on 1 Jan 2017-2019,12096,[IrCorrection] Non-hemorrhagic stroke,NA,NA,NA,685.6188872409954,325.04013507907234,1446.200662042016,1121.1605269629435,35.22594495583487,13344.518057100893,13309.292112145058,0.3808096750857642,0.7250723486789072,0.8515118018435841,0.9999928459199361,5
ppvNpv,dlMa,12100,[IrCorrection] Persons observed on 1 Jan 2017-2019,12097,[IrCorrection] Pulmonary embolism,NA,NA,NA,265.2445011148285,154.63843059941786,454.9622309211351,300.3238003217172,31.02201984024009,2267.8937649441496,2236.8717451039092,0.27529197703139047,0.37890805280394496,0.6155550769865723,0.999964391961755,5
sensPpv,dlMa,12100,[IrCorrection] Persons observed on 1 Jan 2017-2019,12083,[IrCorrection] Narcolepsy,NA,NA,NA,27.438628809292457,24.907915256720717,30.226469906227518,5.318554649506801,17.097050335378743,44.03556965473814,26.938519319359397,0.04937141555283693,0.009649892254040858,0.09823386510791916,0.9916989968217825,4
sensPpv,dlMa,12100,[IrCorrection] Persons observed on 1 Jan 2017-2019,12084,[IrCorrection] Anaphylaxis,NA,NA,NA,82.8193362551176,52.397723194088144,130.90344464646742,78.50572145237928,8.7543999125588,783.4965875728914,774.7421876603325,0.23357491642762243,0.21819868550989974,0.46711742154398367,0.9998752423442203,4
sensPpv,dlMa,12100,[IrCorrection] Persons observed on 1 Jan 2017-2019,12086,[IrCorrection] Encephalomyelitis,NA,NA,NA,5.2872977242159305,5.150688885110187,5.427529763118456,0.2768408780082696,NA,NA,NA,0.013355764978637507,NA,NA,NA,1
sensPpv,dlMa,12100,[IrCorrection] Persons observed on 1 Jan 2017-2019,12087,[IrCorrection] Guillain Barre Syndrome,NA,NA,NA,5.432092087863591,2.9450311489591803,10.019460901613446,7.074429752654265,0.0019466341837958679,15158.279196295334,15158.27724966115,0.31235520338367395,0.2923315596067486,0.5406769456956239,0.9988147334806216,3
sensPpv,dlMa,12100,[IrCorrection] Persons observed on 1 Jan 2017-2019,12088,[IrCorrection] Acute myocardial infarction,NA,NA,NA,552.2992805510279,284.0954419663057,1073.704291719544,789.6088497532382,39.254969581353535,7770.595635414202,7731.340665832849,0.33917961480013215,0.5752044340859526,0.7584223322700568,0.9999888080420081,5
sensPpv,dlMa,12100,[IrCorrection] Persons observed on 1 Jan 2017-2019,12089,[IrCorrection] Myocarditis Pericarditis,NA,NA,NA,41.77915016487348,23.92166694078585,72.96721389942178,49.045546958635924,0.030289812062615464,57626.55063328668,57626.520343474614,0.28450155451292325,0.2427760510754051,0.4927230977693304,0.9998137446846878,3
sensPpv,dlMa,12100,[IrCorrection] Persons observed on 1 Jan 2017-2019,12090,[IrCorrection] Immune thrombocytopenia,NA,NA,NA,27.67637063706265,18.973406954417307,40.371320421276856,21.39791346685955,4.339706770830153,176.5053567187301,172.16564994789994,0.19262631443311207,0.14832146221840997,0.3851252552331643,0.999462511749016,4
sensPpv,dlMa,12100,[IrCorrection] Persons observed on 1 Jan 2017-2019,12092,[IrCorrection] Appendicitis,NA,NA,NA,141.03285926359598,107.7982328025051,184.51385403048135,76.71562122797626,48.450912086855524,410.5241064690172,362.0731943821617,0.13711050035976374,0.09391514232820386,0.3064557754851487,0.9997852532312594,5
sensPpv,dlMa,12100,[IrCorrection] Persons observed on 1 Jan 2017-2019,12093,[IrCorrection] Transverse myelitis,NA,NA,NA,4.534172399098929,4.307358112833566,4.77293013633968,0.4655720235061134,2.4655670010836004,8.338333266025671,5.87276626494207,0.026183045236459788,0.0016133355912428997,0.0401663489907024,0.7916918026153764,3
sensPpv,dlMa,12100,[IrCorrection] Persons observed on 1 Jan 2017-2019,12094,[IrCorrection] Hemorrhagic stroke,NA,NA,NA,157.42905655190322,34.132301919097664,726.1129913114731,691.9806893923754,NA,NA,NA,0.7799789832823888,1.2167234091760353,1.1030518615078964,0.9999909433384743,2
sensPpv,dlMa,12100,[IrCorrection] Persons observed on 1 Jan 2017-2019,12095,[IrCorrection] Deep vein thrombosis,NA,NA,NA,302.39373463311597,181.8541760930963,502.83129433635685,320.9771182432605,45.84889824284486,1994.420242358468,1948.571344115623,0.25945619084509935,0.47119391432574603,0.6864356592760504,0.9999777400749089,7
sensPpv,dlMa,12100,[IrCorrection] Persons observed on 1 Jan 2017-2019,12096,[IrCorrection] Non-hemorrhagic stroke,NA,NA,NA,661.9951636718847,283.9744489867349,1543.2289710875946,1259.2545221008597,22.850766866910607,19178.244619858327,19155.393852991416,0.4318313964938003,0.9323839574780396,0.9656003093817025,0.9999941485384484,5
sensPpv,dlMa,12100,[IrCorrection] Persons observed on 1 Jan 2017-2019,12097,[IrCorrection] Pulmonary embolism,NA,NA,NA,251.35984582315302,147.52784218582815,428.2701567115352,280.74231452570706,30.19140393369976,2092.707322620249,2062.5159186865494,0.2718767522214427,0.369563309789386,0.6079171899110816,0.9999615050957362,5
sensSpec,dlMa,12100,[IrCorrection] Persons observed on 1 Jan 2017-2019,12083,[IrCorrection] Narcolepsy,NA,NA,NA,25.2828913272038,22.95530611972617,27.846485275746005,4.8911791560198346,15.771397921315211,40.53062366775225,24.75922574643704,0.04927581443527101,0.009602358307869907,0.09799162366176972,0.9909313833634144,4
sensSpec,dlMa,12100,[IrCorrection] Persons observed on 1 Jan 2017-2019,12084,[IrCorrection] Anaphylaxis,NA,NA,NA,78.94304453554629,48.91642552034548,127.4010562760603,78.48463075571482,7.534156312535198,827.1668415178146,819.6326852052795,0.24419499577148193,0.2384927708025469,0.4883572163924138,0.9998806073802067,4
sensSpec,dlMa,12100,[IrCorrection] Persons observed on 1 Jan 2017-2019,12086,[IrCorrection] Encephalomyelitis,NA,NA,NA,1.723648841134678,1.6464076300849302,1.8045138234640352,0.15810619337910503,NA,NA,NA,0.023392135226278126,NA,NA,NA,1
sensSpec,dlMa,12100,[IrCorrection] Persons observed on 1 Jan 2017-2019,12087,[IrCorrection] Guillain Barre Syndrome,NA,NA,NA,5.169215008587722,2.522476770107962,10.59307428383767,8.070597513729707,4.729065063923237e-4,56503.31184667815,56503.31137377165,0.3660677352544739,0.40163313633240205,0.6337453245053585,0.999094832751073,3
sensSpec,dlMa,12100,[IrCorrection] Persons observed on 1 Jan 2017-2019,12088,[IrCorrection] Acute myocardial infarction,NA,NA,NA,533.3184075237169,266.19521490418896,1068.4960054823189,802.3007905781299,33.62783501436282,8458.127729071792,8424.49989405743,0.35454156735705233,0.6284887564283469,0.7927728277560646,0.9999893249946297,5
sensSpec,dlMa,12100,[IrCorrection] Persons observed on 1 Jan 2017-2019,12089,[IrCorrection] Myocarditis Pericarditis,NA,NA,NA,34.797874156423816,17.222854478655556,70.30727962701998,53.084425148364424,0.0038142755465057593,317463.1803713298,317463.1765570543,0.35884284223081564,0.38624802759516164,0.6214885578956073,0.9998597927961408,3
sensSpec,dlMa,12100,[IrCorrection] Persons observed on 1 Jan 2017-2019,12090,[IrCorrection] Immune thrombocytopenia,NA,NA,NA,22.397029517031047,14.412015090766971,34.80616194387188,20.394146853104907,2.5738045123505655,194.89705950070052,192.32325498834996,0.2249358165330693,0.20225130859330795,0.4497235913239464,0.9995315687510921,4
sensSpec,dlMa,12100,[IrCorrection] Persons observed on 1 Jan 2017-2019,12092,[IrCorrection] Appendicitis,NA,NA,NA,134.95793921873386,101.33743705671192,179.73264261631644,78.39520555960452,43.19909832569331,421.6209611795214,378.4218628538281,0.14617985923314333,0.10675670228342751,0.32673644162141985,0.9998030638751063,5
sensSpec,dlMa,12100,[IrCorrection] Persons observed on 1 Jan 2017-2019,12093,[IrCorrection] Transverse myelitis,NA,NA,NA,3.6727866011125045,3.174502844495734,4.249283140728863,1.0747802962331292,0.5679856054480878,23.749477606337738,23.18149200088965,0.07438893330863482,0.01604747805535051,0.12667864088057823,0.968465893030893,3
sensSpec,dlMa,12100,[IrCorrection] Persons observed on 1 Jan 2017-2019,12094,[IrCorrection] Hemorrhagic stroke,NA,NA,NA,148.2956293401986,28.424463593948843,773.6854420741737,745.2609784802248,NA,NA,NA,0.8428510020906697,1.4207837643074475,1.1919663436135466,0.9999916531633027,2
sensSpec,dlMa,12100,[IrCorrection] Persons observed on 1 Jan 2017-2019,12095,[IrCorrection] Deep vein thrombosis,NA,NA,NA,286.0830198632159,168.97991881707875,484.3385819273176,315.3586631102388,40.577583542267966,2016.9632370740912,1976.3856535318232,0.2686284889909035,0.5050982332910418,0.7107026335191405,0.999978166104946,7
sensSpec,dlMa,12100,[IrCorrection] Persons observed on 1 Jan 2017-2019,12096,[IrCorrection] Non-hemorrhagic stroke,NA,NA,NA,658.2545073519399,279.50333268420906,1550.2462610658702,1270.7429283816612,21.818010407652913,19859.69336127735,19837.875350869697,0.4370373314646615,0.9550002955612006,0.9772411655068571,0.99999424602851406,5
sensSpec,dlMa,12100,[IrCorrection] Persons observed on 1 Jan 2017-2019,12097,[IrCorrection] Pulmonary embolism,NA,NA,NA,237.12804842231108,135.73362301966463,414.26516214355775,278.53153912389314,25.782373570325706,2180.9361808833473,2155.153807313022,0.28465113519274887,0.4051087424044097,0.6364815334355033,0.9999626086416792,5
uncorrected,dlMa,12100,[IrCorrection] Persons observed on 1 Jan 2017-2019,12083,[IrCorrection] Narcolepsy,NA,NA,NA,33.19346080402557,28.43127758999999,38.75330036297471,10.322022772974723,15.535368639946077,70.92241360242383,55.38704496247775,0.07901320190734294,0.024894021866835675,0.15777839480371092,0.9972880693080782,4
uncorrected,dlMa,12100,[IrCorrection] Persons observed on 1 Jan 2017-2019,12084,[IrCorrection] Anaphylaxis,NA,NA,NA,62.54425867261387,42.704355968155156,91.60152879542011,48.89717282726495,9.612025608127102,406.9677352502436,397.3557096421165,0.19468394295237892,0.1515669991075004,0.3893160658224888,0.999762557402637,4
uncorrected,dlMa,12100,[IrCorrection] Persons observed on 1 Jan 2017-2019,12086,[IrCorrection] Encephalomyelitis,NA,NA,NA,4.644945698834495,4.517014883036532,4.776499768939676,0.25948488590314334,NA,NA,NA,0.014249409997581928,NA,NA,NA,1
uncorrected,dlMa,12100,[IrCorrection] Persons observed on 1 Jan 2017-2019,12087,[IrCorrection] Guillain Barre Syndrome,NA,NA,NA,4.199251938200743,2.4780288558546903,7.116025626102203,4.637996770247512,0.004524719172470514,3897.1958630649374,3897.191338345765,0.26910850182893725,0.2167848429575457,0.46560159252041405,0.9979280925613873,3
uncorrected,dlMa,12100,[IrCorrection] Persons observed on 1 Jan 2017-2019,12088,[IrCorrection] Acute myocardial infarction,NA,NA,NA,385.7048843270312,198.81664607239833,748.2686220325592,549.4519759601608,27.643258857872386,5381.719230667396,5354.075971809523,0.3381131033144927,0.571588837469144,0.7560349446084778,0.9999836355996448,5
uncorrected,dlMa,12100,[IrCorrection] Persons observed on 1 Jan 2017-2019,12089,[IrCorrection] Myocarditis Pericarditis,NA,NA,NA,42.19013416905472,27.084285970484125,65.72103924551126,38.63675327502714,0.13479501370755095,13205.291295601723,13205.156500588015,0.22614328810349915,0.1533754222334351,0.39163174313816174,0.9997067873268566,3
uncorrected,dlMa,12100,[IrCorrection] Persons observed on 1 Jan 2017-2019,12090,[IrCorrection] Immune thrombocytopenia,NA,NA,NA,36.288144321793055,26.129185467253205,50.39687976380347,24.267694296550264,7.240521655758946,181.86941230565975,174.6288906499008,0.1675735784351592,0.11224845520953923,0.33503500594645214,0.999458646929703,4
uncorrected,dlMa,12100,[IrCorrection] Persons observed on 1 Jan 2017-2019,12092,[IrCorrection] Appendicitis,NA,NA,NA,126.39475157604487,99.41190649076816,160.70140680234985,61.28950031158169,48.656830962506064,328.3327933601057,279.6759623975996,0.12252167402312487,0.07496654395222696,0.27380018983234283,0.9997030556146832,5
uncorrected,dlMa,12100,[IrCorrection] Persons observed on 1 Jan 2017-2019,12093,[IrCorrection] Transverse myelitis,NA,NA,NA,5.574357802860175,4.57236963644055,6.795921455400499,2.2235518189599492,0.4319012490758614,71.94576302058854,71.51386177151268,0.1010965147482151,0.030300437315484357,0.17407020800666712,0.9888276597253525,3
uncorrected,dlMa,12100,[IrCorrection] Persons observed on 1 Jan 2017-2019,12094,[IrCorrection] Hemorrhagic stroke,NA,NA,NA,107.10559939320508,33.394458833093815,343.51835071540074,310.1238918823069,NA,NA,NA,0.5946156583372855,0.7071196364545792,0.840904059007078,0.9999774783987123,2
uncorrected,dlMa,12100,[IrCorrection] Persons observed on 1 Jan 2017-2019,12095,[IrCorrection] Deep vein thrombosis,NA,NA,NA,286.4251796230977,175.97508265597912,466.1988634067353,290.2237807507562,47.01434078520558,1744.9863627129664,1697.9720219277608,0.24854280157481484,0.4323838662903302,0.6575590211458818,0.9999743986593089,7
uncorrected,dlMa,12100,[IrCorrection] Persons observed on 1 Jan 2017-2019,12096,[IrCorrection] Non-hemorrhagic stroke,NA,NA,NA,368.3230288677411,166.93940755527439,812.6412785392722,645.7018709839979,15.825554923889706,8572.328379431192,8556.502824507303,0.40374692476064866,0.815044110590632,0.9027979345294449,0.9999877818042103,5
uncorrected,dlMa,12100,[IrCorrection] Persons observed on 1 Jan 2017-2019,12097,[IrCorrection] Pulmonary embolism,NA,NA,NA,245.87363936209331,155.19868683415834,389.5255028656285,234.32681603147014,39.44380465330315,1532.6575888033183,1493.213784150015,0.234755128088925,0.275527361391243,0.5249070026121228,0.999947414604892,5
